workload,cycles,cache-misses,instructions,cycle_activity.stalls_total,branch-misses,context-switches,iTLB-load-misses,IpCall,IpLoad,IpMispredict,BpTkBranch,MLP
execl,2039935440,1160946,2187009485,1225685907,8629186,234,903529,38.51,3.67,246.16,1.84,1.43
execl,6214510910,2735088,5148335387,2882208686,20284182,334,2102278,38.45,3.67,247.46,1.84,1.43
execl,10249061897,4069203,8706280462,4876587736,34304078,441,3644801,38.45,3.67,247.88,1.84,1.43
execl,14486897694,5356978,12311021012,6854531266,48518952,498,5136785,38.46,3.67,248.56,1.84,1.43
execl,18747079321,7060151,15892989007,8834879630,62650994,894,6586551,38.52,3.67,248.83,1.84,1.43
execl,23022856736,8288628,19511317474,10821505696,76855841,965,8093451,38.55,3.67,248.99,1.84,1.43
execl,27051217625,9541352,22694488404,12584973406,89335474,1072,9413161,38.58,3.67,248.91,1.84,1.43
execl,31316282749,11335106,26265465502,14561372085,103371935,1454,10885644,38.6,3.67,248.96,1.84,1.43
execl,35592022281,12786471,29852913904,16545677609,117489917,1530,12336989,38.62,3.67,248.89,1.84,1.43
execl,39531226421,14283253,32865162495,18222549575,129414289,1759,13578417,38.63,3.67,248.94,1.84,1.43
execl,43807679512,15537278,36477514421,20206142717,143589752,1828,15222691,38.63,3.67,248.96,1.84,1.43
execl,47594786943,17215488,40038651812,22176245535,157533943,1876,16738080,38.64,3.67,248.89,1.84,1.43
execl,51796682410,19360760,43465577685,24135023051,171078180,2121,18204920,38.65,3.68,248.83,1.84,1.43
execl,56025324326,22544501,46879004855,26143697324,184481508,2197,19616625,38.65,3.68,248.76,1.84,1.43
execl,60280191759,24194311,50436683044,28131327189,198454996,2292,21206423,38.66,3.68,248.87,1.84,1.43
execl,64296638340,25589414,53610108784,29873328565,210805294,2358,22514377,38.66,3.68,248.98,1.84,1.43
execl,68541085542,27055246,57163735654,31843157118,224772837,2460,23912799,38.66,3.68,248.93,1.84,1.43
execl,72614841422,28426512,60422993189,33646925134,237454508,2541,25290782,38.67,3.68,248.86,1.84,1.43
execl,76320569103,29831855,63048546399,35105708129,247752764,2598,26414723,38.67,3.68,248.86,1.84,1.43
execl,80098156481,31013953,65789004569,36626844520,258575285,2660,27566439,38.67,3.68,248.95,1.84,1.43
execl,84359538225,32291812,69345719848,38626666726,272544458,2727,29125364,38.68,3.68,249.01,1.84,1.43
execl,87905115095,33196390,71677669717,39939141646,281730228,2842,30105900,38.68,3.68,249.12,1.84,1.43
execl,91311998286,34274152,73790490163,41123395687,290093151,2879,30991318,38.68,3.68,249.18,1.84,1.43
execl,95579343803,35643346,77350470336,43118357515,304050539,2971,32458254,38.68,3.68,249.14,1.84,1.43
execl,99405331576,36830625,80158504398,44695391341,315130430,3098,33688238,38.69,3.68,249.12,1.84,1.43
execl,103674298734,38408126,83747212678,46699956348,329188557,3185,35198555,38.69,3.68,249.12,1.84,1.43
execl,107937036339,39833385,87328270723,48690703601,343207714,3270,36705462,38.69,3.68,249.16,1.84,1.43
execl,111376867515,40779586,89723285080,50024755025,352604301,3354,37738913,38.69,3.68,249.18,1.84,1.43
execl,116718808453,42551238,95203567681,53003027471,374189315,3488,39972211,38.69,3.68,249.27,1.84,1.43
execl,119698519855,43255114,96631311371,53782851311,379809357,3568,40542488,38.68,3.68,249.26,1.84,1.43
execl,123388028848,44343019,99269911804,55221199091,390156848,3680,41640595,38.69,3.68,249.25,1.84,1.43
execl,127672412102,45594005,102900955755,57211908515,404293684,3733,43119368,38.69,3.68,249.32,1.84,1.43
execl,131413851378,46947457,105626531621,58697062994,414957801,3831,44217608,38.69,3.68,249.38,1.84,1.43
execl,135670417027,48267686,109237625836,60661807429,429097989,3914,45698306,38.69,3.68,249.4,1.84,1.43
execl,139699654080,49683807,112404604174,62436758119,441631796,4053,47072456,38.69,3.68,249.44,1.84,1.43
execl,143893193642,51071280,115846435391,64362647393,455227750,4144,48577580,38.69,3.68,249.47,1.84,1.43
execl,148154228347,52478469,119416917212,66350252971,469325445,4232,50080179,38.7,3.68,249.52,1.84,1.43
execl,152420747515,53698669,122999582718,68340876386,483336129,4299,51667099,38.7,3.68,249.57,1.84,1.43
execl,156682234128,55137810,126562283355,70329487523,497265265,4507,53166344,38.7,3.68,249.64,1.84,1.43
execl,160873710335,56788518,130034691953,72237410945,510923424,4611,54621444,38.7,3.68,249.67,1.84,1.43
execl,164860518580,58155565,133614672753,74235868702,524833306,4698,56131918,38.7,3.68,249.64,1.84,1.43
execl,169195937881,59383356,137212850196,76226040238,538631704,4782,57633886,38.7,3.68,249.62,1.84,1.43
execl,173393002357,60830063,140805522850,78216927712,552381554,4864,59038530,38.7,3.68,249.58,1.84,1.43
execl,177663079366,62361174,144410212242,80207909819,566171341,4913,60497860,38.7,3.68,249.55,1.84,1.43
execl,181924413160,63747423,148000395967,82186333810,580017864,5001,61997397,38.7,3.68,249.55,1.84,1.43
execl,186003767655,65671004,151274667095,83999609725,592705166,5094,63304406,38.7,3.68,249.59,1.84,1.43
execl,190269624550,67276430,154901317519,85967268882,606651290,5177,64851378,38.7,3.68,249.63,1.84,1.43
execl,194532996418,69036509,158493428250,87938695914,620524387,5284,66226580,38.71,3.68,249.62,1.84,1.43
execl,198794175544,70420901,162069570664,89922124487,634411369,5361,67716125,38.71,3.68,249.6,1.84,1.43
execl,203049879802,72045558,165666650556,91902795749,648316892,5436,69164233,38.71,3.68,249.62,1.84,1.43
execl,207307102554,73521106,169282773614,93883391289,662272687,5513,70653753,38.71,3.68,249.6,1.84,1.43
execl,211319060639,74739142,172474439337,95635448923,674545120,5717,71907597,38.71,3.68,249.58,1.84,1.43
execl,215554252639,76146885,176037858420,97590088464,688268419,5794,73330265,38.71,3.68,249.57,1.84,1.43
execl,219789630358,78051919,179572884531,99546461520,701963857,5887,74688006,38.71,3.68,249.57,1.84,1.43
execl,223392797200,79636759,182027339198,100907247248,711500460,5968,75669873,38.71,3.68,249.56,1.84,1.43
execl,227662386820,81311474,185630922070,102888608762,725368077,6035,77082967,38.71,3.68,249.54,1.84,1.43
execl,231900180633,83089084,189203425046,104864077652,739121845,6168,78489503,38.71,3.68,249.51,1.84,1.43
execl,236128817690,84805988,192783895191,106839293270,752873690,6426,79937852,38.72,3.68,249.49,1.84,1.43
execl,240170335337,86850952,196314329378,108782593020,766384324,6503,81410290,38.72,3.68,249.47,1.84,1.43
execl,244412977418,88472122,199902749272,110758646461,780238276,6575,82918160,38.71,3.68,249.49,1.84,1.43
execl,248621816043,90482910,203439041370,112743253132,793864900,6652,84402770,38.71,3.68,249.5,1.84,1.43
execl,251868513413,91934332,205264784255,113789266894,800935631,6706,85131420,38.71,3.68,249.52,1.84,1.43
execl,256108833214,93775719,208785362326,115782784783,814617024,6765,86608974,38.71,3.68,249.51,1.84,1.43
execl,260373905332,95416374,212339438518,117778561549,828349539,6840,88055383,38.71,3.68,249.52,1.84,1.43
execl,264639633664,96968547,215898036908,119774468022,842088803,6934,89455919,38.72,3.68,249.55,1.84,1.42
execl,268873915054,98458650,219448896533,121722419583,855825468,7214,90966840,38.72,3.68,249.56,1.84,1.42
execl,273108259785,100561315,222947854835,123689199260,869463882,7372,92451648,38.72,3.68,249.55,1.84,1.42
execl,277333843447,103785378,226375899261,125679290261,882811357,7547,93769556,38.72,3.68,249.55,1.84,1.42
execl,281393671305,105515037,229597093079,127482373803,895271177,7689,95103780,38.72,3.68,249.54,1.84,1.42
execl,285475581380,106716010,232863790094,129297336278,907856529,7764,96467772,38.72,3.68,249.52,1.84,1.42
execl,289725938106,108223847,236437424601,131293331591,921554023,7848,97997745,38.72,3.68,249.54,1.84,1.42
execl,293985448741,109713068,239982617572,133274283978,935214217,7932,99478712,38.72,3.68,249.57,1.84,1.42
execl,298196188602,112312801,243443731427,135224468274,948630779,7989,100984871,38.72,3.68,249.59,1.84,1.42
execl,302441226522,114013283,247019639602,137187437925,962499090,8054,102435465,38.72,3.68,249.61,1.84,1.42
execl,306703032344,115789841,250592632542,139168574180,976422124,8110,104003610,38.72,3.68,249.64,1.84,1.42
execl,310584925935,117373074,253526921203,140793318541,987772078,8322,105179582,38.72,3.68,249.67,1.84,1.42
execl,314772002340,118982478,257008467309,142696846429,1001217950,8404,106683489,38.72,3.68,249.69,1.84,1.42
execl,319034783241,120506533,260632741480,144673143865,1015122959,8492,108282954,38.72,3.68,249.7,1.84,1.42
execl,323080816279,122027247,263874612155,146449139216,1027580682,8564,109619665,38.72,3.68,249.72,1.84,1.42
execl,327367223342,123539057,267548515969,148455944387,1041770211,8629,111157751,38.72,3.68,249.72,1.84,1.42
execl,331612998504,125632883,271111502796,150440771719,1055548443,8719,112535110,38.72,3.68,249.71,1.84,1.42
execl,335645156908,127681862,274290398976,152226737695,1068018648,9051,113789201,38.72,3.68,249.72,1.84,1.42
execl,339904343689,129082988,277880430141,154209427900,1081922650,9134,115238361,38.72,3.68,249.72,1.84,1.42
execl,344163480440,130639579,281481379605,156175724218,1095806829,9207,116769994,38.72,3.68,249.71,1.84,1.42
execl,347996117035,132055425,284338850677,157755204854,1106954385,9284,118006010,38.72,3.68,249.72,1.84,1.42
execl,352021557279,133707188,287509902371,159517695622,1119223374,9339,119268351,38.72,3.68,249.72,1.84,1.42
execl,356003913031,135275476,290985092792,161436734508,1132633532,9411,120736448,38.73,3.68,249.72,1.84,1.42
execl,360392502327,137109023,294778099452,163545144925,1147329256,9543,122363052,38.72,3.68,249.73,1.84,1.42
execl,364647385826,138504108,298364312878,165530141907,1161151129,9655,123848643,38.73,3.68,249.73,1.84,1.42
execl,368881960038,140015350,301916669383,167490105404,1174858031,9759,125313827,38.73,3.68,249.74,1.84,1.42
execl,373104498307,141961103,305452002832,169430142188,1188517228,9829,126849048,38.73,3.68,249.75,1.84,1.42
execl,376597984772,143704606,307727304886,170696066066,1197334320,9941,127788996,38.73,3.68,249.76,1.84,1.42
execl,380842044403,145592556,311250974917,172672046061,1211005980,10031,129272641,38.73,3.68,249.77,1.84,1.42
execl,385078414705,147378564,314791518324,174634674798,1224733150,10133,130816424,38.73,3.68,249.75,1.84,1.42
execl,389351743307,149037882,318377163539,176622663898,1238625897,10201,132269909,38.73,3.68,249.75,1.84,1.42
execl,393600155036,150400701,321965971686,178595708259,1252516813,10271,133765360,38.73,3.68,249.74,1.84,1.42
execl,397875359493,151740472,325581108473,180575201746,1266520338,10343,135235178,38.73,3.68,249.77,1.84,1.42
execl,402147011065,153277522,329156383736,182573170881,1280336605,10437,136778307,38.73,3.68,249.81,1.84,1.42
execl,405431230798,154109888,331050720253,183631573041,1287631809,10490,137526903,38.73,3.68,249.84,1.84,1.42
pipe,4066350150,75848,1831501802,2266135178,5448865,7,1554286,30.59,3.25,335.99,1.73,1.39
pipe,8610119893,151520,3802085702,4706445811,11307247,14,3226799,30.58,3.25,336.2,1.72,1.36
pipe,12888236766,227216,5692869726,7049494107,16928225,20,4831552,30.58,3.25,336.26,1.72,1.34
pipe,17160368524,304092,7573456019,9379951796,22518757,26,6427663,30.58,3.25,336.29,1.72,1.35
pipe,21440078877,367872,9462164290,11718252932,28133275,34,8030667,30.58,3.25,336.31,1.72,1.34
pipe,25713072680,453022,11353960685,14063024003,33757151,40,9636287,30.58,3.25,336.32,1.72,1.33
pipe,30003349977,524843,13245572898,16405106173,39380398,47,11241757,30.58,3.25,336.33,1.72,1.33
pipe,34271328436,582089,15143491407,18752860953,45022306,53,12852591,30.58,3.25,336.34,1.72,1.33
pipe,38539964045,660980,17033170644,21094845772,50639985,59,14456382,30.58,3.25,336.35,1.72,1.33
pipe,42827861182,731061,18925573848,23439465001,56265518,63,16062573,30.58,3.25,336.36,1.72,1.33
pipe,47106550374,792973,20817959082,25782958484,61891005,72,17668724,30.58,3.25,336.36,1.72,1.33
pipe,51399724718,854490,22710380136,28126494035,67516702,77,19274893,30.58,3.25,336.36,1.72,1.33
pipe,55696183905,933314,24604194825,30473326170,73146441,83,20882225,30.58,3.25,336.36,1.72,1.33
pipe,59989641873,992723,26496558682,32816719372,78771980,88,22488350,30.58,3.25,336.37,1.72,1.33
pipe,64276113487,1053725,28390129431,35161570391,84401129,95,24095493,30.58,3.25,336.37,1.72,1.33
pipe,68567888490,1139967,30279402780,37503542498,90017325,104,25698922,30.58,3.25,336.37,1.72,1.33
pipe,72860759290,1196719,32171413924,39846564524,95641726,110,27304747,30.58,3.25,336.37,1.72,1.33
pipe,77151783979,1254850,34062801518,42188554057,101264365,116,28910053,30.58,3.25,336.38,1.72,1.33
pipe,81445512403,1327265,35954954070,44532748731,106889284,125,30515954,30.58,3.25,336.38,1.72,1.33
pipe,85737982754,1401026,37846135016,46875989701,112511269,132,32121074,30.58,3.25,336.38,1.72,1.33
pipe,90029058563,1457181,39736005549,49216142262,118129262,136,33725110,30.58,3.25,336.38,1.72,1.33
pipe,94321857153,1516261,41628737243,51559842676,123755703,142,35331534,30.58,3.25,336.38,1.72,1.33
pipe,98613758962,1597406,43519026851,53902762085,129374977,148,36935873,30.58,3.25,336.38,1.72,1.33
pipe,102907717242,1655799,45411546784,56246248127,135000738,155,38542156,30.58,3.25,336.38,1.72,1.33
pipe,107193529308,1713980,47304588894,58590257391,140628336,161,40148826,30.58,3.25,336.38,1.72,1.33
pipe,111482024133,1792945,49195717508,60933883413,146250372,170,41753878,30.58,3.25,336.38,1.72,1.33
pipe,115765012763,1851030,51087386064,63276286226,151873835,176,43359442,30.58,3.25,336.38,1.72,1.33
pipe,120055624229,1908362,52978231475,65617622397,157494746,184,44964250,30.58,3.25,336.39,1.72,1.32
pipe,124348017728,1975837,54869009071,67959943548,163115504,190,46569049,30.58,3.25,336.39,1.72,1.33
pipe,128626071193,2033442,56758544691,70299780086,168732588,196,48172776,30.58,3.25,336.39,1.72,1.33
pipe,132908513610,2088660,58649057687,72640512751,174352790,205,49777303,30.58,3.25,336.39,1.72,1.33
pipe,137198314907,2164090,60539891818,74983384846,179973804,213,51382119,30.58,3.25,336.39,1.72,1.33
pipe,141489176628,2227986,62434210505,77328849612,185605101,219,52989859,30.58,3.25,336.39,1.72,1.33
pipe,145782771281,2286936,64327968218,79671178902,191234667,225,54597166,30.58,3.25,336.39,1.72,1.33
pipe,150064511843,2362692,66219522493,82012991277,196857735,236,56202583,30.58,3.25,336.39,1.72,1.33
pipe,154355185349,2431719,68109661947,84352792257,202476725,243,57806799,30.58,3.25,336.39,1.72,1.33
pipe,158642008282,2490236,69997559960,86690197526,208089085,249,59409140,30.58,3.25,336.39,1.72,1.32
pipe,162910838716,2559133,71888415904,89031317396,213710492,256,61013960,30.58,3.25,336.39,1.72,1.32
pipe,167181838953,2638293,73781857587,91377398235,219339380,263,62620978,30.58,3.25,336.39,1.72,1.32
pipe,171463142200,2704728,75674390901,93720638797,224965602,271,64227222,30.58,3.25,336.39,1.72,1.32
pipe,175746425471,2765280,77562892229,96058830557,230579760,281,65830108,30.58,3.25,336.39,1.72,1.33
pipe,180039837915,2854522,79456874083,98406976248,236210114,288,67437622,30.58,3.25,336.39,1.72,1.32
pipe,184319044191,2918858,81351543630,100753197979,241842512,301,69045654,30.58,3.25,336.39,1.72,1.33
pipe,188608489454,2974517,83242802345,103094946815,247464641,305,70650837,30.58,3.25,336.39,1.72,1.33
pipe,192898383863,3050837,85134708883,105437678038,253088703,310,72256558,30.58,3.25,336.39,1.72,1.33
pipe,197186789613,3116454,87027385215,107779441406,258715095,318,73862903,30.58,3.25,336.39,1.72,1.32
pipe,201479196587,3176937,88923423409,110126843497,264351349,324,75472135,30.58,3.25,336.39,1.72,1.33
pipe,205769409274,3243228,90817766200,112473140693,269982678,330,77079929,30.58,3.25,336.39,1.72,1.32
pipe,210062490948,3325331,92712024640,114820861145,275613795,336,78687651,30.58,3.25,336.39,1.72,1.32
pipe,214358745269,3381831,94606476723,117166532229,281245385,339,80295543,30.58,3.25,336.39,1.72,1.32
pipe,218648427926,3437420,96498440783,119509129412,286869779,347,81901296,30.58,3.25,336.39,1.72,1.32
pipe,222938333855,3523811,98387601788,121851149788,292485754,353,83504695,30.58,3.25,336.39,1.72,1.32
pipe,227224644886,3580545,100277776299,124191686477,298104779,361,85108951,30.58,3.25,336.39,1.72,1.32
pipe,231492886696,3647303,102152611702,126514699024,303678395,369,86700360,30.58,3.25,336.39,1.72,1.32
pipe,236117574970,3744443,104350881709,129239920192,310213420,377,88566158,30.58,3.25,336.39,1.72,1.32
pipe,240409425420,3805380,106241666175,131581521334,315834445,387,90170963,30.58,3.25,336.39,1.72,1.32
pipe,244689638733,3859395,108131560110,133921489304,321452715,396,91774988,30.58,3.25,336.39,1.72,1.32
pipe,248967416524,3933975,110020778601,136262492780,327069001,401,93378430,30.58,3.25,336.39,1.72,1.32
pipe,253236885015,4008332,111912940688,138606826348,332693890,407,94984373,30.58,3.25,336.39,1.72,1.32
pipe,257521362549,4062541,113807352767,140952232144,338325439,412,96592255,30.58,3.25,336.39,1.72,1.32
pipe,261806260250,4123300,115701022741,143297337107,343954842,421,98199478,30.58,3.25,336.39,1.72,1.32
pipe,266095019344,4204379,117591148186,145640241333,349573668,425,99803733,30.58,3.25,336.39,1.72,1.32
pipe,270370583896,4271427,119476021960,147975202967,355177033,434,101403486,30.58,3.25,336.39,1.72,1.32
pipe,274653061067,4329392,121368198692,150317842684,360802222,441,103009404,30.58,3.25,336.39,1.72,1.32
pipe,278945126568,4398211,123259736966,152661008114,366425221,449,104614812,30.58,3.25,336.39,1.72,1.32
pipe,283232709426,4453664,125149594969,155001076349,372043400,455,106218830,30.58,3.25,336.39,1.72,1.32
pipe,287527455976,4512849,127042717930,157345401104,377671163,462,107825603,30.58,3.25,336.39,1.72,1.32
pipe,291814834188,4592371,128931853569,159687023149,383287048,466,109428988,30.58,3.25,336.39,1.72,1.32
pipe,296101644923,4651244,130823572131,162029607226,388910598,473,111034574,30.58,3.25,336.39,1.72,1.32
pipe,300389519468,4713075,132715524240,164372820929,394534858,478,112640367,30.58,3.25,336.39,1.72,1.32
pipe,304680434913,4781969,134607450300,166716498625,400158990,486,114246099,30.58,3.25,336.39,1.72,1.32
pipe,308962487640,4852408,136494527301,169054764899,405768644,490,115847733,30.58,3.25,336.39,1.72,1.32
pipe,313243869221,4910682,138385109039,171395979393,411388671,496,117452329,30.58,3.25,336.39,1.72,1.32
pipe,317526998990,4967615,140276084746,173737563060,417010026,500,119057287,30.58,3.25,336.39,1.72,1.32
pipe,321803021920,5050747,142162715737,176076233833,422618564,507,120658475,30.58,3.25,336.39,1.72,1.32
pipe,326098678933,5114090,144058192597,178423419513,428253394,513,122267176,30.58,3.25,336.4,1.72,1.32
pipe,330390440525,5169629,145950245130,180766145843,433878042,521,123873066,30.58,3.25,336.4,1.72,1.32
pipe,334682074212,5247711,147840741277,183109417813,439497939,526,125477600,30.58,3.25,336.4,1.72,1.32
pipe,338970944868,5313878,149730587880,185450481917,445115947,533,127081573,30.58,3.25,336.4,1.72,1.32
pipe,343260060501,5371195,151623463103,187794294500,450743044,539,128688143,30.58,3.25,336.4,1.72,1.32
pipe,347541411798,5433542,153515046769,190137000839,456366231,547,130293574,30.58,3.25,336.4,1.72,1.32
pipe,351832582217,5510564,155405423176,192480104150,461985970,551,131898098,30.58,3.25,336.4,1.72,1.32
pipe,356149534609,5573964,157320241627,194852196527,467678107,558,133523271,30.58,3.25,336.4,1.72,1.32
pipe,360444405525,5632612,159213162931,197196195509,473305180,565,135129846,30.58,3.25,336.4,1.72,1.32
pipe,364736057872,5714445,161105184139,199540881195,478929626,574,136735654,30.58,3.25,336.4,1.72,1.32
pipe,369030480363,5778134,162997735138,201884774045,484555633,579,138341943,30.58,3.25,336.4,1.72,1.32
pipe,373322824001,5836337,164889945336,204227680615,490180648,586,139947930,30.58,3.25,336.4,1.72,1.32
pipe,377602864257,5898416,166769649776,206556463930,495768462,591,141543325,30.58,3.25,336.4,1.72,1.32
pipe,381897025461,5977572,168662042484,208902027191,501394212,598,143149493,30.58,3.25,336.4,1.72,1.32
pipe,386191090241,6034620,170554391537,211245134254,507019705,603,144755609,30.58,3.25,336.4,1.72,1.32
pipe,390483108350,6088908,172445225142,213586228873,512640633,611,146360426,30.58,3.25,336.4,1.72,1.32
pipe,394779595949,6172042,174337939993,215932291179,518267008,614,147966835,30.58,3.25,336.4,1.72,1.32
pipe,399069809694,6240807,176227326594,218273311984,523883681,622,149570475,30.58,3.25,336.4,1.72,1.32
pipe,403364148931,6303418,178119329032,220617276994,529508153,626,151176365,30.58,3.25,336.4,1.72,1.32
pipe,407649796335,6385988,180009404922,222959989923,535126955,634,152780521,30.58,3.25,336.4,1.72,1.32
pipe,411940086786,6446873,181899786151,225301061536,540746521,643,154384959,30.58,3.25,336.4,1.72,1.32
pipe,416227371341,6508108,183793067169,227645558158,546374738,650,155991842,30.58,3.25,336.4,1.72,1.32
pipe,420503062120,6571577,185681691470,229984922615,551988957,654,157594873,30.58,3.25,336.4,1.72,1.32
pipe,424833421156,6634142,187614207120,232378219395,557733934,666,159235061,30.58,3.25,336.4,1.72,1.32
pipe,428203531521,6705270,188907612000,233980305647,561581078,669,160332636,30.58,3.25,336.39,1.72,1.32
context1,1929951360,255737,1611104602,1058815529,5080398,189021,409053,38.18,3.79,344.77,1.84,1.67
context1,4006393352,484533,3359492091,2193341131,10588693,394333,825298,38.19,3.79,346.28,1.84,1.68
context1,6005801943,789563,5048231443,3296278549,15865904,591660,1222503,38.19,3.79,345.17,1.84,1.69
context1,7998101093,1022429,6719027523,4393148669,21135594,787726,1647621,38.19,3.79,344.92,1.84,1.69
context1,9995199795,1253754,8393368907,5492011762,26404574,983781,2045214,38.19,3.79,344.39,1.84,1.69
context1,12002237211,1511673,10079772688,6604935487,31639333,1181652,2455474,38.19,3.79,344.3,1.84,1.69
context1,14000247906,1771627,11758921081,7704831925,36888587,1378802,2862099,38.19,3.79,344.61,1.84,1.69
context1,16000602437,1973835,13447340820,8806005406,42180424,1576995,3270985,38.19,3.79,344.49,1.84,1.68
context1,18001602746,2184671,15137526106,9909670322,47460972,1775299,3723826,38.19,3.79,344.32,1.84,1.68
context1,20006060831,2454053,16822716450,11022892787,52755743,1972969,4152248,38.19,3.79,344.81,1.84,1.68
context1,22004709180,2703387,18513987419,12127928526,58091783,2171322,4556329,38.19,3.79,344.88,1.84,1.68
context1,24009392747,2897244,20204283782,13233174147,63384708,2369601,4956913,38.19,3.79,344.88,1.84,1.68
context1,26012074818,3199426,21899357062,14341048264,68735965,2568137,5355684,38.19,3.79,345.1,1.84,1.68
context1,28020652493,3446885,23598644617,15452416641,74076065,2767680,5785123,38.19,3.79,344.9,1.84,1.68
context1,30022670604,3629610,25286667400,16552508200,79349798,2965899,6212193,38.19,3.79,344.75,1.84,1.68
context1,32031716908,3840835,26977904639,17659857092,84633549,3164091,6615044,38.19,3.79,344.36,1.84,1.68
context1,34040796488,4120253,28671905417,18773973396,89925558,3362961,7023224,38.19,3.79,344.53,1.84,1.68
context1,36048788538,4337365,30374370270,19883809154,95285656,3562875,7436195,38.19,3.79,344.53,1.84,1.68
context1,38054518872,4534289,32069490067,20991575238,100574347,3761930,7836578,38.19,3.79,344.37,1.84,1.68
context1,40060904410,4845100,33764023401,22101798633,105946768,3960923,8241801,38.19,3.79,344.3,1.84,1.68
context1,42064273288,5036360,35462961170,23204403360,111276022,4160345,8642449,38.19,3.79,343.93,1.84,1.68
context1,44069699983,5246272,37153568934,24311962448,116647425,4358868,9043922,38.19,3.79,343.86,1.84,1.68
context1,46069826770,5463431,38831382641,25416279249,121938704,4555640,9492052,38.18,3.79,343.69,1.84,1.68
context1,48072229009,5711785,40518387157,26527733231,127298876,4753657,9984368,38.18,3.79,343.67,1.84,1.68
context1,50071907185,5916282,42209610348,27624839424,132606513,4952010,10400912,38.19,3.79,343.76,1.84,1.68
context1,52077003273,6109942,43904892199,28729431867,137955521,5150725,10801197,38.19,3.79,343.77,1.84,1.68
context1,54074915904,6401853,45577328590,29830238261,143233029,5347079,11280604,38.19,3.79,343.54,1.84,1.68
context1,56074272257,6633135,47261098010,30936574464,148533491,5544797,11724338,38.19,3.79,343.65,1.84,1.68
context1,58079701052,6833141,48941063658,32041277626,153845283,5742014,12244485,38.19,3.79,343.82,1.84,1.68
context1,60087376867,7085574,50632800178,33147872986,159154826,5940655,12642336,38.19,3.79,343.88,1.84,1.68
context1,62087343550,7340129,52317856492,34249642686,164467166,6138535,13057353,38.18,3.79,343.72,1.84,1.68
context1,64086856684,7530010,54019746525,35348687496,169821895,6338386,13457030,38.18,3.79,343.53,1.84,1.68
context1,66087193586,7764375,55711589138,36447296484,175163946,6537009,13929406,38.18,3.79,343.52,1.84,1.68
context1,68095486605,8035802,57412704913,37555904652,180518616,6736752,14355786,38.18,3.79,343.48,1.84,1.68
context1,70102048312,8240221,59114923951,38666624042,185884577,6936546,14755631,38.18,3.79,343.39,1.84,1.68
context1,72111766329,8424637,60818245010,39770550768,191218051,7136517,15174982,38.18,3.79,343.48,1.84,1.68
context1,74120902635,8707453,62511729407,40875647881,196592796,7335382,15607311,38.18,3.79,343.5,1.84,1.68
context1,76129908388,8940163,64197054136,41994032611,201880882,7533129,16019536,38.18,3.79,343.48,1.84,1.68
context1,78137541662,9144942,65892774092,43100441827,207249738,7732189,16417909,38.18,3.79,343.43,1.84,1.68
context1,80139743735,9401747,67582342693,44201560740,212601967,7930600,16834218,38.18,3.79,343.54,1.84,1.68
context1,82147000418,9661381,69280037294,45309335221,217895071,8129963,17280522,38.18,3.79,343.52,1.84,1.68
context1,84155839706,9852022,70980128599,46414535141,223280826,8329309,17695613,38.18,3.79,343.54,1.84,1.68
context1,86157086451,10055736,72667880589,47514956838,228580629,8527469,18098625,38.18,3.79,343.47,1.84,1.68
context1,88160320848,10353578,74345586983,48615387327,233864120,8723691,18539611,38.19,3.79,343.35,1.84,1.68
context1,90165210237,10589061,76036833870,49722421650,239158800,8921996,18982702,38.19,3.79,343.37,1.84,1.68
context1,92162682638,10795487,77713667360,50822521988,244416391,9118732,19428897,38.19,3.79,343.45,1.84,1.68
context1,94178867390,11078245,79415459960,51942220752,249809542,9318501,19829843,38.19,3.79,343.44,1.84,1.68
context1,96180715882,11356827,81095593379,53051490399,255067584,9515777,20245646,38.19,3.79,343.37,1.84,1.68
context1,98167318011,11585573,82767155473,54138428511,260327399,9711769,20642163,38.19,3.79,343.3,1.84,1.68
context1,100168031622,11801306,84458933406,55238150784,265670011,9910386,21040709,38.19,3.79,343.33,1.84,1.68
context1,102154503104,12120214,86137140287,56339755014,270946279,10107455,21441533,38.19,3.79,343.33,1.84,1.68
context1,104138559250,12324531,87821827792,57446000143,276259765,10304897,21842813,38.19,3.79,343.31,1.84,1.68
context1,106149111757,12523259,89517705714,58558351962,281607441,10504042,22262537,38.19,3.79,343.38,1.84,1.68
context1,108153767131,12809956,91207326600,59669111968,286969290,10702266,22694054,38.19,3.79,343.37,1.84,1.68
context1,110157356969,13045242,92904462055,60771579756,292276219,10901555,23092724,38.19,3.79,343.36,1.84,1.68
context1,112158917239,13231514,94601659151,61871083211,297573800,11100764,23491472,38.19,3.79,343.36,1.84,1.68
context1,114156687934,13462761,96286713713,62977470441,302842798,11298188,23902549,38.19,3.79,343.4,1.84,1.68
context1,116156021328,13791905,97962339455,64082403720,308125749,11494929,24337517,38.19,3.79,343.45,1.84,1.68
context1,118154695371,13998454,99650432394,65178095450,313430793,11692798,24768503,38.19,3.79,343.49,1.84,1.68
context1,120151995191,14182966,101341720390,66275912223,318744055,11891394,25244397,38.19,3.79,343.5,1.84,1.68
context1,122154828752,14451206,103025370071,67385680778,324015286,12089092,25663622,38.19,3.79,343.42,1.84,1.68
context1,124161831129,14654637,104710735361,68498064656,329292899,12286997,26082296,38.19,3.79,343.36,1.84,1.68
context1,126172012692,14844986,106405833724,69610577378,334642094,12485863,26502311,38.19,3.79,343.3,1.84,1.68
context1,128176552357,15090854,108091044192,70717397391,339985592,12683639,26976269,38.19,3.79,343.19,1.84,1.68
context1,130182956722,15337293,109772369397,71832937524,345227585,12880991,27435811,38.19,3.79,343.21,1.84,1.68
context1,132182256977,15516109,111456150331,72936167523,350513503,13078501,27832760,38.19,3.79,343.24,1.84,1.68
context1,134185477983,15683402,113158958003,74041208854,355875345,13278456,28236733,38.19,3.79,343.32,1.84,1.68
context1,136161252452,15987238,114803316174,75122031670,361047788,13471210,28657710,38.19,3.79,343.39,1.84,1.68
context1,138151942036,16174651,116473966395,76220149054,366313209,13667409,29133654,38.19,3.79,343.45,1.84,1.68
context1,140150813283,16355108,118156046810,77318440333,371597176,13864894,29552576,38.19,3.79,343.43,1.84,1.68
context1,142151406570,16618918,119848193896,78425814783,376898758,14063538,29960991,38.19,3.79,343.4,1.84,1.68
context1,144139734075,16855342,121517565946,79518014333,382136548,14259409,30359793,38.19,3.79,343.42,1.84,1.68
context1,146146304999,17047685,123215712299,80623010665,387442894,14458802,30770849,38.19,3.79,343.44,1.84,1.68
context1,148155022050,17258845,124916166787,81738366557,392758260,14658276,31229537,38.19,3.79,343.45,1.84,1.68
context1,150147879419,17568336,126586812293,82838164392,397990830,14854420,31638151,38.19,3.79,343.45,1.84,1.68
context1,152152461593,17742471,128279819240,83939728435,403310241,15053187,32042003,38.19,3.79,343.41,1.84,1.68
context1,154163950968,17921112,129979945401,85047899964,408707777,15252821,32447434,38.19,3.79,343.34,1.84,1.68
context1,156163480495,18223497,131658706852,86154372116,413976611,15449764,32842441,38.19,3.79,343.38,1.84,1.68
context1,158165760548,18443193,133339826732,87264036338,419264449,15647196,33269395,38.19,3.79,343.39,1.84,1.68
context1,160154267955,18635224,135009033763,88362458408,424501523,15842991,33733371,38.19,3.79,343.44,1.84,1.68
context1,162156725314,18885928,136703674940,89468638084,429748027,16041936,34151286,38.19,3.79,343.46,1.84,1.68
context1,164157792549,19148753,138386878791,90575053980,435074362,16239437,34602504,38.19,3.79,343.5,1.84,1.68
context1,166157850141,19354008,140083722574,91681901131,440397183,16438690,35033646,38.19,3.79,343.57,1.84,1.68
context1,168167645141,19547762,141785137874,92789251731,445757551,16638457,35433394,38.19,3.79,343.56,1.84,1.68
context1,170169559014,19863462,143474774446,93890197438,451128955,16836781,35901713,38.19,3.79,343.58,1.84,1.68
context1,172173274451,20044824,145176657773,94987795470,456533450,17036402,36301376,38.19,3.79,343.59,1.84,1.68
context1,174168514512,20232630,146858425424,96081161314,461789089,17233425,36950224,38.19,3.79,343.55,1.84,1.68
context1,176172942816,20483658,148552642274,97186713631,467126524,17432427,37386248,38.19,3.79,343.53,1.84,1.68
context1,178176791669,20720401,150243479689,98296792088,472459643,17630995,37795975,38.19,3.79,343.53,1.84,1.68
context1,180171015798,20929443,151930345930,99397462963,477733971,17828711,38194159,38.19,3.79,343.53,1.84,1.68
context1,182173155123,21122236,153615845082,100503954883,482994473,18026617,38598227,38.19,3.79,343.58,1.84,1.68
context1,184170184309,21410558,155295868867,101607954734,488233688,18223887,38994381,38.19,3.79,343.57,1.84,1.68
context1,186167246632,21627355,156984592501,102713005906,493534053,18422194,39398486,38.19,3.79,343.58,1.84,1.68
context1,188165077467,21819226,158665131095,103815259385,498818351,18619298,39794140,38.19,3.79,343.52,1.84,1.68
context1,190163316743,22069683,160344762219,104909699641,504063425,18816548,40203507,38.19,3.79,343.54,1.84,1.68
context1,192159479717,22282408,162032208731,106012667107,509382995,19014582,40619186,38.19,3.79,343.52,1.84,1.68
context1,194153644840,22467190,163728264179,107108644892,514719021,19212854,41032753,38.19,3.79,343.55,1.84,1.68
context1,196154190227,22766326,165423036171,108213195216,520045995,19411823,41440842,38.19,3.79,343.52,1.84,1.68
context1,198152372312,22957117,167119258286,109308355566,525347006,19610928,41874995,38.19,3.79,343.49,1.84,1.68
context1,199922047163,23162015,168630198733,110292232911,530096345,19788168,42247538,38.19,3.79,343.48,1.84,1.68
spawn,2188930278,14416295,2316017146,1414041614,2788519,8378,670567,33.83,3.6,551.43,1.74,1.6
spawn,4817740633,33318804,5315345901,3266352333,6368666,19151,1544905,33.83,3.6,551.14,1.74,1.6
spawn,7335951500,51366409,8148539123,5009737658,9833665,29441,2363581,33.84,3.6,568.66,1.74,1.6
spawn,10455424366,69162819,10966999248,6743957879,13282744,39683,3183081,33.85,3.6,634.6,1.74,1.6
spawn,14015541238,87186457,13785535940,8493243829,16726962,49747,4007573,33.86,3.6,700.62,1.74,1.6
spawn,17576045910,105260515,16631804907,10227243234,20094955,59826,4841411,33.86,3.6,744.38,1.74,1.6
spawn,21158577740,123012259,19522126774,11982274599,23444713,70027,5674163,33.86,3.6,770.51,1.74,1.6
spawn,24717540021,141076810,22427241341,13727424106,26788861,80261,6523236,33.86,3.6,785.1,1.74,1.6
spawn,28285854383,159295759,25294563680,15479415430,30128454,90376,7345101,33.86,3.6,796.93,1.74,1.59
spawn,31840057772,177072159,28138511124,17220998340,33495390,100468,8166550,33.86,3.6,807.13,1.74,1.6
spawn,35326137783,194637777,31021225578,18968802795,36888652,110697,9008148,33.87,3.6,815.22,1.74,1.6
spawn,38889617270,212316740,33913132470,20714059877,40151453,120933,9857532,33.87,3.6,822.58,1.74,1.59
spawn,42454433287,230143707,36758285610,22465705423,43460536,131094,10685200,33.87,3.6,829.05,1.74,1.59
spawn,46088827742,247901247,39764660948,24293824141,46944062,141769,11563456,33.86,3.6,834.17,1.74,1.59
spawn,49646090953,265088995,42658438511,26037409986,50201928,152051,12419776,33.86,3.6,838.78,1.74,1.59
spawn,53201510549,282719141,45544272523,27786677154,53518295,162286,13255121,33.86,3.6,843.27,1.74,1.59
spawn,56784027128,300734581,48414835447,29567012432,56720612,172474,14099810,33.86,3.6,846.57,1.74,1.59
spawn,60322724466,318970471,51261593513,31298294062,60098843,182561,14919311,33.86,3.6,849.87,1.74,1.59
spawn,63901922976,337479615,54154579382,33040478436,63469096,192749,15754559,33.86,3.6,852.87,1.74,1.59
spawn,67465336319,355029075,57013641204,34780571684,66801924,202920,16594102,33.86,3.6,854.08,1.74,1.59
spawn,71008394820,373008063,59855932196,36537635091,70139757,212983,17414621,33.86,3.6,856.07,1.74,1.59
spawn,74565452785,391182139,62702285473,38279648480,73577303,223095,18243862,33.86,3.6,857.84,1.74,1.59
spawn,78123889002,408376192,65577427478,40012404500,76846277,233364,19085645,33.86,3.6,860.03,1.74,1.59
spawn,81503092216,426185986,68439227843,41760734194,80191602,243506,19915140,33.86,3.6,861.15,1.74,1.59
spawn,85050440334,444168332,71252325405,43514316717,83496986,253468,20736376,33.86,3.6,862.82,1.74,1.59
spawn,88620017187,462282136,74138517225,45258159389,86771651,263659,21560823,33.86,3.6,864.79,1.74,1.59
spawn,92172317943,479492065,76995252736,46989720524,90069249,273838,22388564,33.86,3.6,865.93,1.74,1.59
spawn,95727072140,497891158,79852615065,48734862948,93415963,283930,23207894,33.86,3.6,866.85,1.74,1.59
spawn,99273477244,516298099,82692659552,50500717951,96762728,294010,24036327,33.86,3.6,867.44,1.74,1.59
spawn,102821900579,534091356,85565397721,52235826765,100103312,304152,24879729,33.86,3.6,868.45,1.74,1.59
spawn,106378555312,551634665,88405480460,53961813966,103485463,314225,25705321,33.86,3.6,869.26,1.74,1.59
spawn,109948173812,569843276,91266578011,55725126038,106823692,324341,26543360,33.86,3.6,869.72,1.74,1.59
spawn,113457610597,588167249,94129762707,57477034149,110198616,334553,27375241,33.86,3.6,870.3,1.74,1.59
spawn,116980991517,606203193,96943483812,59197752563,113486607,344524,28188951,33.86,3.6,870.84,1.74,1.59
spawn,120548490186,623665295,99841813362,60940807764,116845287,354802,29043173,33.86,3.6,871.53,1.74,1.59
spawn,124036916059,642177724,102678254017,62690302676,120199790,364818,29865451,33.86,3.6,871,1.74,1.59
spawn,127560004609,659610973,105522604012,64423730638,123522804,374970,30697346,33.86,3.6,871.38,1.74,1.59
spawn,131129824969,677575593,108405737459,66165863283,126833389,385169,31521828,33.86,3.6,871.94,1.74,1.59
spawn,134666592761,695962348,111261370820,67910832959,130204150,395263,32348507,33.86,3.6,872.32,1.74,1.59
spawn,138224115439,711754296,114143306807,69651852739,133660921,405625,33182680,33.86,3.6,872.69,1.74,1.59
spawn,143417952711,745518930,119596392535,72994504655,140276171,425016,34769597,33.86,3.6,873.21,1.74,1.59
spawn,146966509558,763063450,122488422391,74745302507,143692642,435355,35599517,33.86,3.6,873.9,1.74,1.59
spawn,150539093967,780941134,125435756441,76538931575,146965499,445824,36469059,33.87,3.6,874.41,1.74,1.59
spawn,154256173969,799591325,128542394996,78424227307,150553108,456834,37369526,33.87,3.6,874.81,1.74,1.59
spawn,157736564928,817331266,131410546420,80159614656,153912754,467061,38202656,33.86,3.6,872.93,1.74,1.59
spawn,161196931334,834143161,134379875726,81929042637,157254723,477625,39084093,33.86,3.6,869.57,1.74,1.59
spawn,164708832487,852600015,137232271225,83691948915,160650365,487748,39912517,33.86,3.6,869.13,1.74,1.59
spawn,168055366029,871028355,140105082814,85442207210,164021181,497916,40752411,33.86,3.6,868.4,1.74,1.59
spawn,171311998661,889700397,143074037144,87251967353,167472514,508450,41615928,33.86,3.6,866.47,1.74,1.59
spawn,174878062288,906738238,145951619751,89003312696,170705848,518724,42449988,33.86,3.6,866.48,1.74,1.59
spawn,178414291222,924712525,148785103975,90756109985,174063058,528769,43274423,33.86,3.6,866.58,1.74,1.59
spawn,181959725265,942591409,151649420420,92513056493,177343408,538941,44095090,33.86,3.6,866.33,1.74,1.59
spawn,185465210758,959411469,154535754721,94269689552,180583726,549254,44934586,33.86,3.6,866.32,1.74,1.59
spawn,188826000368,976990134,157434852301,96012951446,183906783,559525,45773019,33.86,3.6,866.32,1.74,1.59
spawn,192332059184,995464600,160267940712,97782728042,187271809,569553,46604364,33.86,3.6,866.2,1.74,1.59
spawn,195873858452,1013027367,163119261767,99519825405,190671587,579656,47434184,33.86,3.6,866.4,1.74,1.59
spawn,199411566146,1030653115,166003423421,101257805689,194045297,589904,48272733,33.86,3.6,866.3,1.74,1.59
spawn,202924238730,1048266014,168871444269,102981858141,197344041,600027,49105717,33.86,3.6,866.59,1.74,1.59
spawn,206443657613,1066489836,171685816755,104738395674,200716787,610015,49929651,33.87,3.6,867.14,1.74,1.59
spawn,209940742985,1084368415,174589215314,106476158926,203972958,620248,50770476,33.87,3.6,867.54,1.74,1.59
spawn,213496392095,1101940881,177448681524,108209798916,207366049,630416,51602946,33.87,3.6,867.86,1.74,1.59
spawn,217062525437,1119561612,180301218046,109966997589,210673515,640544,52437037,33.87,3.6,868.42,1.74,1.59
spawn,220616546127,1137809198,183125436538,111713769891,214094919,650564,53253879,33.87,3.6,868.93,1.74,1.59
spawn,224189257500,1155649122,186015218800,113469160748,217415028,660815,54114934,33.87,3.6,869.2,1.74,1.59
spawn,227750414331,1173257775,188917524883,115217891161,220750899,671078,54961110,33.87,3.6,869.72,1.74,1.59
spawn,231326547093,1191504895,191785167393,116974943065,224141880,681235,55802525,33.87,3.6,870.35,1.74,1.59
spawn,234927796445,1209557109,194658666968,118763824721,227482883,691462,56635961,33.87,3.6,871.01,1.74,1.59
spawn,238441741505,1227388873,197552748517,120501852089,230790978,701698,57457909,33.87,3.6,871.19,1.74,1.59
spawn,242113241400,1246367924,200587748329,122342309024,234335236,712466,58343009,33.87,3.6,871.74,1.74,1.59
spawn,245534018371,1264065574,203436852888,124087566086,237617275,722549,59174398,33.87,3.6,871.72,1.74,1.59
spawn,249058838077,1282250584,206306682384,125845453602,240870333,732685,60007714,33.87,3.6,871.96,1.74,1.59
spawn,252573733028,1300410830,209180849302,127600251967,244235445,742847,60845080,33.87,3.6,872.06,1.74,1.59
spawn,256134940832,1317909138,212037734834,129332211128,247518933,753003,61676577,33.87,3.6,872.26,1.74,1.59
spawn,259714223880,1335303186,214923069397,131087322614,250778117,763240,62515941,33.87,3.6,872.47,1.74,1.59
spawn,263284090602,1353558426,217797394558,132849850502,254093877,773401,63350846,33.87,3.6,872.89,1.74,1.59
spawn,266811780924,1370855637,220678588241,134592531176,257403236,783640,64194210,33.87,3.6,873.05,1.74,1.59
spawn,270309931418,1388464850,223546403465,136334547743,260768334,793812,65027843,33.87,3.6,873.04,1.74,1.59
spawn,273880955669,1406904727,226410862228,138083187524,264046857,803965,65873947,33.87,3.6,873.38,1.74,1.59
spawn,277441552724,1424471214,229296562582,139822197433,267297381,814175,66716159,33.86,3.6,873.51,1.74,1.59
spawn,281007927787,1442385812,232167605015,141565549497,270686611,824372,67551569,33.87,3.6,873.91,1.74,1.59
spawn,284573025639,1460380839,235057746154,143305899927,274072009,834573,68393974,33.86,3.6,874.09,1.74,1.59
spawn,288125858127,1478445885,237866642096,145052194046,277425484,844566,69213084,33.87,3.6,874.4,1.74,1.59
spawn,291688160643,1496099139,240725460133,146782786458,280700438,854695,70038706,33.87,3.6,874.64,1.74,1.59
spawn,295237148630,1513601814,243592254161,148522443243,283999900,864840,70866731,33.87,3.6,874.8,1.74,1.59
spawn,298796505928,1531742899,246468290577,150265483316,287260789,875005,71707233,33.87,3.6,874.85,1.74,1.59
spawn,302356586617,1549845431,249339649779,152024974727,290557056,885162,72541348,33.86,3.6,875.1,1.74,1.59
spawn,305849826550,1567658481,252212485937,153765751436,293968783,895332,73386391,33.86,3.6,874.9,1.74,1.59
spawn,309411717436,1585701768,255097140331,155524616374,297245192,905545,74229675,33.86,3.6,875.05,1.74,1.59
spawn,312977801572,1604145250,257939212411,157281810992,300627662,915668,75059922,33.86,3.6,875.43,1.74,1.59
spawn,316535734473,1621603311,260807528353,159025175864,303923466,925910,75913034,33.87,3.6,875.37,1.74,1.59
spawn,320086631955,1638751258,263671386856,160775053533,307310542,936089,76748850,33.87,3.6,875.56,1.74,1.59
spawn,323660328169,1656852407,266555400252,162521411853,310651814,946282,77590205,33.87,3.6,875.82,1.74,1.59
spawn,327146811778,1675799542,269384589059,164280920173,314046593,956283,78411079,33.87,3.6,875.84,1.74,1.59
spawn,330681830130,1693946113,272266032879,166034481056,317369530,966442,79242550,33.87,3.6,876.09,1.74,1.59
spawn,334260333395,1712010336,275148763685,167777317997,320662745,976637,80079332,33.87,3.6,876.16,1.74,1.59
spawn,337818917694,1730130267,278027228493,169513223256,324053832,986831,80912510,33.87,3.6,876.13,1.74,1.59
spawn,341360836125,1748641724,280868914225,171279576506,327336530,996886,81730713,33.87,3.6,876.37,1.74,1.59
spawn,344900471765,1766889227,283758877095,173008796453,330628130,1007082,82563782,33.87,3.6,876.55,1.74,1.59
spawn,348279601140,1782927897,286347355042,174573770408,333655017,1016293,83312283,33.87,3.6,876.79,1.74,1.59
syscall,3870735456,76254,735041350,2639698365,2123144,6,2113484,32.13,3.31,345.96,1.84,1.42
syscall,8300160483,167522,1521481751,5471145172,4392695,17,5033891,32.13,3.31,346.48,1.84,1.41
syscall,12531163504,251009,2276317535,8189504615,6569944,25,9334867,32.13,3.31,346.5,1.84,1.43
syscall,16772153913,328006,3033136991,10913776965,8752156,26,13659658,32.13,3.31,346.56,1.84,1.44
syscall,21011815204,391037,3789185611,13638015764,10932079,29,16479380,32.12,3.31,346.6,1.84,1.44
syscall,25255239751,462615,4546269736,16365947777,13115379,36,19493166,32.12,3.31,346.63,1.84,1.44
syscall,29480053133,544561,5300981318,19083324496,15291211,39,23765589,32.13,3.31,346.64,1.84,1.44
syscall,33715302279,597956,6058088459,21810203757,17473864,42,26756158,32.13,3.31,346.66,1.84,1.44
syscall,37959166677,646362,6816009256,24534878793,19658910,48,30988102,32.13,3.31,346.68,1.84,1.43
syscall,42180034958,713973,7570521221,27254988573,21833985,49,33868128,32.13,3.31,346.7,1.84,1.43
syscall,46403925151,772895,8326693022,29975570297,24013768,51,37985190,32.13,3.31,346.71,1.84,1.42
syscall,50645371489,820442,9082712152,32694050460,26193107,52,42301193,32.13,3.31,346.72,1.84,1.42
syscall,54890738931,869244,9841403051,35421333048,28380159,55,46649486,32.13,3.31,346.73,1.84,1.42
syscall,59134172880,948759,10598765748,38148892402,30563173,61,50625891,32.13,3.31,346.74,1.84,1.42
syscall,63359685715,996279,11356365381,40872191900,32746714,65,54985540,32.13,3.31,346.75,1.84,1.41
syscall,67610045974,1042616,12114384666,43597698630,34931460,66,59121336,32.13,3.31,346.76,1.84,1.41
syscall,71855404279,1109868,12870934870,46320607369,37112066,69,63242910,32.13,3.31,346.76,1.84,1.41
syscall,76093472730,1160252,13629132769,49046672904,39297348,70,67605982,32.13,3.31,346.76,1.84,1.41
syscall,80326666197,1213840,14386847824,51771224410,41481237,72,71957494,32.13,3.31,346.77,1.84,1.41
syscall,84563479418,1263233,15143731840,54492852782,43662788,74,76252082,32.13,3.31,346.77,1.84,1.41
syscall,88805075609,1323430,15901557680,57220255025,45847081,79,80066046,32.13,3.31,346.78,1.84,1.41
syscall,93053178469,1370937,16659921427,59949430434,48032826,81,83488553,32.13,3.31,346.78,1.84,1.41
syscall,97293801009,1421185,17417353192,62673266264,50215988,84,87681969,32.13,3.31,346.78,1.84,1.41
syscall,101533490041,1492170,18174726451,65400127502,52399067,85,91605922,32.13,3.31,346.79,1.84,1.41
syscall,105780264865,1544094,18932257078,68130897497,54582522,89,93785758,32.13,3.31,346.79,1.84,1.41
syscall,110019422543,1594282,19687897245,70853245879,56760520,90,96484867,32.13,3.31,346.79,1.84,1.41
syscall,114253238877,1656366,20442396241,73571424758,58935164,92,99836629,32.13,3.31,346.8,1.84,1.41
syscall,118490846407,1717389,21200784436,76299406986,61121078,93,104637123,32.13,3.31,346.8,1.84,1.41
syscall,122735225667,1765586,21959637683,79027278678,63308371,96,109434391,32.13,3.31,346.8,1.84,1.41
syscall,126976203840,1812798,22716725032,81749248643,65490567,97,113866224,32.13,3.31,346.8,1.84,1.41
syscall,131224886669,1884013,23473797689,84474048486,67672689,99,118222825,32.13,3.31,346.81,1.84,1.41
syscall,135464999558,1937414,24231386716,87197849312,69856323,101,122582284,32.13,3.31,346.81,1.84,1.41
syscall,139706424448,1986510,24988798244,89920920791,72039553,104,126940925,32.13,3.31,346.81,1.84,1.41
syscall,143970245818,2058367,25753205996,92671908729,74242980,107,131339948,32.13,3.31,346.81,1.84,1.41
syscall,148216015503,2116215,26509953220,95393441611,76424292,113,135694428,32.13,3.31,346.81,1.84,1.4
syscall,152454772973,2165811,27267885024,98118400138,78609001,114,140055994,32.13,3.31,346.82,1.84,1.41
syscall,156697040907,2216879,28026230382,100844516879,80794949,121,144588014,32.13,3.31,346.82,1.84,1.41
syscall,160922304694,2286319,28781679735,103563231912,82972435,123,149369886,32.13,3.3,346.82,1.84,1.4
syscall,165151138503,2339562,29537582146,106281339191,85151293,127,154051852,32.13,3.3,346.82,1.84,1.4
syscall,169402954872,2390233,30296626807,109010038068,87339244,128,158419869,32.13,3.3,346.82,1.84,1.4
syscall,173626996411,2455869,31054094907,111735085605,89522682,131,162778842,32.13,3.3,346.82,1.84,1.4
syscall,177868653427,2516523,31811030684,114457492225,91704644,136,167134560,32.13,3.3,346.82,1.84,1.4
syscall,182098877073,2566935,32566528843,117173990487,93882529,140,171798133,32.13,3.3,346.82,1.84,1.4
syscall,186337750024,2618752,33323911061,119897202416,96065898,142,176592223,32.13,3.3,346.83,1.84,1.4
syscall,190576028932,2687860,34079906103,122617745203,98245303,146,181377546,32.13,3.3,346.83,1.84,1.4
syscall,194817609658,2742509,34837016356,125340040081,100427962,149,186169729,32.13,3.3,346.83,1.84,1.4
syscall,199056251131,2789915,35595180925,128065354715,102613661,151,190649522,32.13,3.3,346.83,1.84,1.4
syscall,203296149028,2860471,36352584908,130790732937,104797045,152,195191372,32.13,3.3,346.83,1.84,1.4
syscall,207510311071,2912261,37107910505,133506951166,106974294,155,199903646,32.13,3.3,346.83,1.84,1.4
syscall,211743536113,2958691,37863827882,136224916268,109153194,156,204688519,32.13,3.3,346.83,1.84,1.4
syscall,215984184198,3012117,38620453223,138945748254,111334087,158,209477764,32.13,3.3,346.83,1.84,1.4
syscall,220219584213,3078262,39376246752,141665357540,113512609,159,214261910,32.13,3.3,346.83,1.84,1.4
syscall,224450586450,3128073,40133596073,144388441164,115695697,162,219055695,32.13,3.3,346.83,1.84,1.4
syscall,228692482330,3175964,40891352648,147112813743,117879954,163,223852274,32.13,3.3,346.84,1.84,1.4
syscall,232927118978,3244716,41648679653,149837902153,120063006,165,228210264,32.13,3.3,346.84,1.84,1.4
syscall,237151923803,3298665,42405577071,152559837100,122244885,166,232565674,32.13,3.3,346.84,1.84,1.4
syscall,241390224509,3346003,43161983869,155278959211,124425316,169,236918493,32.13,3.3,346.84,1.84,1.4
syscall,245634820572,3401193,43920441348,158006505928,126611599,174,241282942,32.13,3.3,346.84,1.84,1.4
syscall,249868947979,3460310,44676926278,160727455465,128792224,179,245636043,32.13,3.3,346.84,1.84,1.4
syscall,254111664618,3514824,45435212150,163454311362,130978060,180,249999561,32.13,3.3,346.84,1.84,1.4
syscall,258356744039,3560084,46192708825,166177227250,133161603,183,254358480,32.13,3.3,346.84,1.84,1.4
syscall,262601104311,3630804,46950103195,168902690434,135344814,186,258716978,32.13,3.3,346.84,1.84,1.4
syscall,266838895952,3681065,47709054257,171630831351,137532540,190,263084246,32.13,3.3,346.84,1.84,1.4
syscall,271083487057,3730874,48466902953,174355673777,139717121,191,267445603,32.13,3.3,346.84,1.84,1.4
syscall,275323611672,3827104,49222709276,177078292441,141897637,200,271922287,32.13,3.3,346.84,1.84,1.4
syscall,279542685888,3911557,49980005244,179805693261,144081584,206,276569216,32.13,3.3,346.84,1.84,1.4
syscall,283772371553,3977951,50735862266,182525637753,146261174,210,281352277,32.13,3.3,346.84,1.84,1.4
syscall,288011712138,4043609,51493133673,185249763123,148444769,212,285778372,32.13,3.3,346.83,1.84,1.4
syscall,292248163233,4129199,52250847102,187977952622,150629786,220,290423782,32.13,3.3,346.83,1.84,1.4
syscall,296495241432,4185987,53010137963,190708635351,152819006,224,294915055,32.13,3.3,346.83,1.84,1.41
syscall,300732853333,4238448,53765662786,193430247857,154997001,230,297796378,32.13,3.3,346.83,1.84,1.41
syscall,304976087593,4296217,54524183384,196158198312,157183708,232,302152625,32.13,3.3,346.83,1.84,1.4
syscall,309213632844,4369046,55280241233,198879315111,159363333,237,306480344,32.13,3.3,346.83,1.84,1.41
syscall,313449972580,4414228,56036293848,201597309725,161542827,239,310813618,32.13,3.3,346.83,1.84,1.4
syscall,317686509056,4460768,56792580844,204316095036,163722891,242,315165665,32.13,3.3,346.83,1.84,1.4
syscall,321931710075,4530608,57549044157,207038153992,165903582,246,319518712,32.13,3.3,346.83,1.84,1.41
syscall,326172480762,4581938,58306438429,209761283162,168086979,252,323859589,32.13,3.3,346.83,1.84,1.41
syscall,330415568982,4635289,59064393365,212486496524,170271960,257,328221259,32.13,3.3,346.82,1.84,1.4
syscall,334656063921,4692014,59822014259,215210909216,172455971,261,332581074,32.13,3.3,346.82,1.84,1.4
syscall,338881483453,4761640,60577907164,217934903538,174634844,263,335659653,32.13,3.3,346.82,1.84,1.4
syscall,343124468846,4810653,61334833640,220656885919,176816787,266,339844120,32.13,3.3,346.82,1.84,1.4
syscall,347360042167,4862068,62090447391,223374978119,178994907,271,343838134,32.13,3.3,346.82,1.84,1.4
syscall,351587060119,4928941,62845670278,226096088039,181171944,276,347047185,32.13,3.3,346.82,1.84,1.4
syscall,355829857760,4985438,63602109659,228823708472,183352301,283,349223955,32.13,3.3,346.82,1.84,1.4
syscall,360071075858,5035590,64358458364,231546894163,185532500,290,352344689,32.13,3.3,346.82,1.84,1.4
syscall,364316326328,5087769,65116838669,234278452416,187718474,291,355212286,32.13,3.3,346.82,1.84,1.4
syscall,368558334220,5155145,65872043628,237002744426,189895278,294,357499467,32.13,3.3,346.82,1.84,1.4
syscall,372787862724,5203537,66627672403,239726968318,192073292,296,359674123,32.13,3.3,346.82,1.84,1.4
syscall,377040496474,5253359,67386556546,242461319897,194260621,300,361857965,32.13,3.3,346.82,1.84,1.4
syscall,381290346650,5318298,68143257987,245186554588,196441745,301,365478101,32.13,3.3,346.82,1.84,1.4
syscall,385518044734,5373922,68901175133,247912077392,198627037,305,369761310,32.13,3.3,346.82,1.84,1.4
syscall,389760813591,5422233,69658869035,250636375682,200811365,306,374052077,32.13,3.3,346.82,1.84,1.4
syscall,393997666162,5481457,70413687405,253351135265,202987486,309,378568433,32.13,3.3,346.82,1.84,1.4
syscall,398241196169,5537021,71171502927,256076361660,205172142,310,383356635,32.13,3.3,346.82,1.84,1.4
syscall,402481020260,5582653,71929571197,258801509391,207357555,312,388102721,32.13,3.3,346.82,1.84,1.4
syscall,406730528355,5637818,72687720303,261527678321,209543308,315,392901448,32.13,3.3,346.82,1.84,1.4
syscall,410967474937,5705690,73443585233,264247567516,211722509,320,397685810,32.13,3.3,346.82,1.84,1.4
syscall,415194111651,5752741,74201718506,266972771978,213908239,321,402484648,32.13,3.3,346.82,1.84,1.4
syscall,419434000157,5799134,74959597274,269697111204,216093263,323,407273224,32.13,3.3,346.82,1.84,1.4
syscall,423422859572,5898630,75630522422,272109568947,218031278,329,411514955,32.13,3.3,346.82,1.84,1.4
dhry2reg,4058335569,71018,12278713324,105141014,19443,10,561,20.12,4.21,169630.06,1.36,1.39
dhry2reg,8553566234,137602,25707280500,222353237,33739,16,912,20.12,4.21,196472.88,1.36,1.35
dhry2reg,12796491096,186962,38373818242,328062091,43831,25,1320,20.12,4.21,200053.92,1.36,1.34
dhry2reg,17042831719,232821,51057502481,432758513,55436,35,1835,20.12,4.21,202949.66,1.36,1.35
dhry2reg,21291568065,297087,63731682386,545706736,68945,45,2313,20.12,4.21,204743.82,1.36,1.35
dhry2reg,25532586455,346802,76410424566,653460574,82781,51,3043,20.12,4.21,205776.08,1.36,1.34
dhry2reg,29785588459,393643,89133790555,760156302,93228,59,3785,20.12,4.21,207461.27,1.36,1.34
dhry2reg,34034284164,447165,101802858150,868828961,105085,68,4528,20.12,4.21,208240.08,1.36,1.34
dhry2reg,38273875778,501863,114443592479,978947195,117872,78,5258,20.12,4.21,207992.75,1.36,1.34
dhry2reg,42519725827,550626,127141542726,1086204300,128957,86,6001,20.12,4.21,207324.39,1.36,1.34
dhry2reg,46761728534,598290,139813848595,1194682877,140884,95,6746,20.12,4.21,207269.66,1.36,1.35
dhry2reg,50999977449,656546,152455866879,1304892893,151295,105,7432,20.12,4.21,208419.09,1.36,1.35
dhry2reg,55246598995,707267,165111634418,1416095501,162988,119,8111,20.12,4.21,208246.93,1.36,1.35
dhry2reg,59492893987,753131,177802860710,1519616246,172618,126,8612,20.12,4.21,208708.12,1.36,1.35
dhry2reg,63736542276,812488,190474136610,1630873957,184144,135,9098,20.12,4.21,208505.77,1.36,1.36
dhry2reg,67977242535,864701,203128491817,1740327791,195256,144,9606,20.12,4.21,209069.45,1.36,1.36
dhry2reg,72217683334,912616,215774169164,1853322872,206450,153,10119,20.12,4.21,207882.06,1.36,1.36
dhry2reg,76457662101,965946,228426980986,1967060994,216801,163,10613,20.12,4.21,207884.29,1.36,1.36
dhry2reg,80700285100,1027232,241087167727,2082864789,229268,173,11103,20.12,4.21,208655.27,1.36,1.36
dhry2reg,84939961253,1076521,253757131375,2190918342,243110,182,11747,20.12,4.21,208879.08,1.36,1.36
dhry2reg,89180772962,1122118,266419958409,2297099195,253703,191,12257,20.12,4.21,209454.18,1.36,1.36
dhry2reg,93423405730,1186931,279061913799,2408885251,265001,199,12731,20.12,4.21,209139.12,1.36,1.37
dhry2reg,97657800086,1235537,291696991854,2518123285,275699,208,13223,20.12,4.21,208940.92,1.36,1.37
dhry2reg,101894088953,1282363,304341784032,2624083373,287173,217,13719,20.12,4.21,209589.33,1.36,1.37
dhry2reg,106135025263,1335185,317004577794,2732530755,300179,225,14209,20.12,4.21,209594.76,1.36,1.37
dhry2reg,110381302288,1394658,329682379667,2845977298,312109,232,14681,20.12,4.21,209634.63,1.36,1.37
dhry2reg,114624487940,1446307,342317906383,2958096476,322509,253,15376,20.12,4.21,209318.54,1.36,1.37
dhry2reg,118863372059,1496899,354934304084,3082308957,333094,264,16241,20.12,4.21,209447.1,1.36,1.37
dhry2reg,123102020267,1564282,367568669079,3203004923,348726,274,16974,20.12,4.21,209760.76,1.36,1.37
dhry2reg,127337457280,1611801,380212308333,3317666664,360678,282,17716,20.12,4.21,210061.3,1.36,1.37
dhry2reg,131575995534,1657499,392875949041,3428147708,374439,291,18409,20.12,4.21,210569.97,1.36,1.37
dhry2reg,135817352872,1715929,405541411044,3544546650,388030,298,18893,20.12,4.21,210555.95,1.36,1.37
dhry2reg,140055194738,1775982,418183001781,3665856984,399917,307,19381,20.12,4.21,210911.29,1.36,1.37
dhry2reg,144293165975,1820515,430836695392,3777013457,411122,312,19978,20.12,4.21,211419.86,1.36,1.37
dhry2reg,148532497556,1868035,443492753454,3892871697,424820,322,20480,20.12,4.21,211760.04,1.36,1.37
dhry2reg,152762950992,1934549,456178896823,4011019193,442328,329,20951,20.12,4.21,212113.66,1.36,1.37
dhry2reg,157001371461,1983126,468844676960,4122703819,453564,338,21449,20.12,4.21,212182.07,1.36,1.37
dhry2reg,161243756298,2026540,481501407440,4236176878,467333,344,21957,20.12,4.21,212244.83,1.36,1.37
dhry2reg,165484608471,2083687,494156538513,4353360709,480955,353,22453,20.12,4.21,212575.74,1.36,1.37
dhry2reg,169724322813,2144584,506800239823,4470612359,494385,361,22936,20.12,4.21,212812.99,1.36,1.37
dhry2reg,173964398727,2191988,519446292608,4589314077,506789,370,23561,20.12,4.21,212597.21,1.36,1.37
dhry2reg,178212164279,2237132,532130828080,4702527110,518917,377,24254,20.12,4.21,212548.67,1.36,1.37
dhry2reg,182455421266,2299479,544799800994,4818191540,534802,388,24739,20.12,4.21,212844.86,1.36,1.37
dhry2reg,186697578581,2352482,557454153699,4932110738,547623,395,25225,20.12,4.21,212995.07,1.36,1.37
dhry2reg,190940549177,2398704,570125599502,5044726078,560522,403,25732,20.12,4.21,213353.39,1.36,1.37
dhry2reg,195191242185,2452094,582814888978,5156209710,573996,409,26217,20.12,4.21,213522.85,1.36,1.37
dhry2reg,199435583468,2509037,595486606245,5273061517,588294,416,26708,20.12,4.21,213689.45,1.36,1.37
dhry2reg,203683226428,2559424,608165039652,5384767712,600028,422,27279,20.12,4.21,213372.11,1.36,1.38
dhry2reg,207923001057,2607091,620821173486,5495661000,612272,431,27886,20.12,4.21,213610.71,1.36,1.37
dhry2reg,212166941966,2661078,633480509759,5610395061,625289,438,28382,20.12,4.21,213967.17,1.36,1.37
dhry2reg,216412629884,2710274,646173690103,5717850109,636682,448,28878,20.12,4.21,213930.47,1.36,1.37
dhry2reg,220652895059,2759993,658816553059,5830284055,650687,457,29387,20.12,4.21,214630.62,1.36,1.38
dhry2reg,224897820925,2822548,671489852026,5945385154,664213,467,29872,20.12,4.21,215242.52,1.36,1.38
dhry2reg,229141583350,2872222,684160773858,6057613490,678663,474,30370,20.12,4.21,215601.78,1.36,1.37
dhry2reg,233388446199,2922069,696858893356,6173595847,692265,484,30903,20.12,4.21,215733.66,1.36,1.37
dhry2reg,237633328307,2970949,709540388361,6284045471,703617,491,31392,20.12,4.21,215938.69,1.36,1.38
dhry2reg,241874779264,3031226,722188640942,6400702565,718135,499,31873,20.12,4.21,215839.69,1.36,1.38
dhry2reg,246118638701,3078291,734872328508,6513250276,728978,505,32377,20.12,4.21,215852.92,1.36,1.38
dhry2reg,250362746534,3128831,747561183907,6624113702,741031,517,32876,20.12,4.21,216130.56,1.36,1.38
dhry2reg,254600135134,3192924,760207500984,6742796342,755113,525,33370,20.12,4.21,216280.38,1.36,1.38
dhry2reg,258842017447,3246120,772874072847,6853112922,768154,533,33867,20.12,4.21,216089.16,1.36,1.38
dhry2reg,263090412605,3292332,785579689576,6964134583,781916,538,34377,20.12,4.21,216065.37,1.36,1.38
dhry2reg,267334468954,3345819,798269552345,7075587636,793064,550,34873,20.12,4.21,216329.2,1.36,1.38
dhry2reg,271578183121,3407694,810918301478,7192947452,811642,559,35365,20.12,4.21,216368.46,1.36,1.38
dhry2reg,275818527775,3456589,823585052140,7305000637,823334,571,35871,20.12,4.21,216548.35,1.36,1.38
dhry2reg,280068179060,3507431,836268177668,7418866549,836867,579,36402,20.12,4.21,216654.18,1.36,1.38
dhry2reg,284311302988,3571565,848924073824,7536209661,849904,590,36891,20.12,4.21,216752.09,1.36,1.38
dhry2reg,288559776853,3620038,861594625931,7647078601,861893,597,37386,20.12,4.21,216786.6,1.36,1.38
dhry2reg,292803657628,3668082,874267608470,7758973146,874363,606,37938,20.12,4.21,216831.23,1.36,1.38
dhry2reg,297050388618,3718655,886959511218,7874030601,886904,612,38613,20.12,4.21,216937.26,1.36,1.38
dhry2reg,301290550791,3781525,899616141341,7989244813,898632,623,39111,20.12,4.21,217129.38,1.36,1.38
dhry2reg,305529982088,3831388,912274626000,8104397242,912248,633,39612,20.12,4.21,217359.85,1.36,1.38
dhry2reg,309766611082,3878649,924929153311,8216129020,925040,641,40056,20.12,4.21,217669.65,1.36,1.38
dhry2reg,314008826816,3940441,937573656149,8329184359,936842,644,40510,20.12,4.21,217840.5,1.36,1.38
dhry2reg,318256896574,3990768,950220746409,8436981074,947914,645,40973,20.12,4.21,217969.82,1.36,1.38
dhry2reg,322506171114,4035820,962914828690,8546055247,961126,651,41456,20.12,4.21,217907.62,1.36,1.38
dhry2reg,326753995679,4082961,975593234497,8655869583,971462,653,41933,20.12,4.21,217872.8,1.36,1.38
dhry2reg,331000384558,4146874,988262991154,8771439287,984274,658,42560,20.12,4.21,217848.43,1.36,1.38
dhry2reg,335247656879,4190804,1000966490271,8878230639,995081,661,43285,20.12,4.21,217910.38,1.36,1.38
dhry2reg,339488601076,4233558,1013611643365,8987418208,1008339,667,44008,20.12,4.21,217930.3,1.36,1.38
dhry2reg,343726600134,4294082,1026276924230,9099133633,1021616,669,44706,20.12,4.21,218050.76,1.36,1.38
dhry2reg,347972376279,4341696,1038957305822,9209766255,1033175,674,45422,20.12,4.21,218202.29,1.36,1.38
dhry2reg,352208918870,4385654,1051636174229,9313200276,1042701,675,46139,20.12,4.21,218324.09,1.36,1.38
dhry2reg,356455522859,4435282,1064308743834,9424015561,1053050,679,46851,20.12,4.21,218334.49,1.36,1.38
dhry2reg,360697997778,4487093,1076973288209,9533705876,1065822,680,47568,20.12,4.21,218507.61,1.36,1.38
dhry2reg,364944106645,4532591,1089659169457,9637750723,1074706,684,48297,20.12,4.21,218629.37,1.36,1.38
dhry2reg,369185845284,4574642,1102305838798,9742735756,1086619,685,49014,20.12,4.21,218687.45,1.36,1.38
dhry2reg,373420836200,4630904,1114911256540,9852150331,1098316,692,49724,20.12,4.21,218753.47,1.36,1.38
dhry2reg,377663721566,4677706,1127593494238,9962068454,1108681,695,50446,20.12,4.21,218970.85,1.36,1.38
dhry2reg,381906930634,4721079,1140240620904,10071096968,1120615,704,51172,20.12,4.21,219122.11,1.36,1.38
dhry2reg,386153804487,4778793,1152894954708,10183621918,1131723,705,51873,20.12,4.21,219063.75,1.36,1.38
dhry2reg,390408030985,4825051,1165586431339,10290272113,1143386,709,52600,20.12,4.21,219012.79,1.36,1.38
dhry2reg,394650500338,4868665,1178257734533,10398377655,1153283,712,53320,20.12,4.21,219046.22,1.36,1.38
dhry2reg,398894614811,4920200,1190900795434,10510719303,1164964,717,54039,20.12,4.21,218887.6,1.36,1.38
dhry2reg,403138801308,4979902,1203547657625,10625118264,1176268,718,54742,20.12,4.21,218865.66,1.36,1.38
dhry2reg,407385685306,5023997,1216235962415,10732432947,1187879,722,55472,20.12,4.21,218955.82,1.36,1.38
dhry2reg,411631232209,5068242,1228912523331,10840270423,1199553,722,56201,20.12,4.21,219099.65,1.36,1.38
dhry2reg,415879801747,5127350,1241593414577,10952850097,1212183,725,56906,20.12,4.21,218828.23,1.36,1.38
dhry2reg,420124471400,5172810,1254259125233,11062169316,1224448,729,57629,20.12,4.21,218927.05,1.36,1.38
dhry2reg,423878995718,5226249,1265283468812,11160161831,1234646,733,58344,20.12,4.21,218872.68,1.36,1.38
shell1,1031322279,7287674,2088438454,924383415,10514051,1746,472342,47.04,3.99,172.01,1.81,1.62
shell1,5919525497,24199793,7421022489,3242461556,37626540,6088,1740897,46.48,3.97,201.93,1.81,1.53
shell1,10707686149,40261875,12643547849,5510386971,64005612,10364,2913509,46.5,3.97,202.53,1.81,1.53
shell1,14471258075,49698529,15263988575,6684547680,77147750,12532,3520975,46.51,3.97,203.3,1.81,1.52
shell1,18572122635,67899275,20197986282,8889680324,102120065,16523,4641758,46.51,3.97,203.71,1.81,1.52
shell1,23489475890,86819109,25182786244,11135051098,127689149,20602,5781941,46.53,3.97,205.13,1.81,1.52
shell1,27083648692,105310113,30220587577,13386321648,153593283,24738,6955775,46.53,3.97,204.83,1.81,1.53
shell1,30959454318,126173477,35077821568,15665768570,178595049,28737,8076076,46.54,3.97,204.75,1.81,1.52
shell1,34712838830,142168453,39069780168,17479037488,199080999,32024,9007612,46.54,3.97,204.46,1.81,1.52
shell1,39706883261,160388250,43908835344,19662125192,224143071,36007,10140709,46.54,3.97,204.06,1.81,1.52
shell1,44124534630,177989385,48785625062,21847368656,249242658,39977,11258214,46.54,3.97,204.13,1.81,1.53
shell1,47164020580,198442590,53506350225,24065663032,273536931,43850,12346168,46.54,3.97,204.25,1.81,1.53
shell1,51904422006,217147648,58402520016,26266496840,298653163,47875,13467187,46.54,3.97,204.04,1.81,1.53
shell1,56256382190,235252701,63255364297,28455497427,323463141,51819,14610188,46.54,3.97,203.77,1.81,1.53
shell1,60738742979,253431336,68259923766,30689334355,349217776,55955,15758782,46.54,3.97,203.62,1.81,1.53
shell1,65772635622,274173675,73079953229,32945833791,374062064,59889,16873322,46.54,3.97,203.42,1.81,1.53
shell1,70540993596,292907300,77890805813,35143067258,398866660,63832,17975048,46.54,3.97,202.83,1.81,1.53
shell1,75405316811,310735456,82848241364,37361152605,424423559,67941,19101865,46.54,3.97,202.37,1.81,1.54
shell1,80072643042,328392948,87573088274,39483964924,448766464,71856,20226801,46.54,3.97,201.93,1.81,1.54
shell1,84873710327,349021667,92381199843,41733741341,473565388,75781,21320439,46.54,3.97,201.5,1.81,1.54
shell1,89411637483,365619985,96818307984,43728180937,496459538,79444,22333081,46.54,3.97,201.18,1.81,1.54
shell1,93893540826,382186432,101254461778,45725990476,519332349,83099,23358477,46.54,3.97,200.91,1.81,1.54
shell1,98554959022,398395426,105786765652,47715919347,542194074,86827,24398638,46.54,3.97,200.63,1.81,1.54
shell1,102746088989,418002250,110271754670,49822966970,565307650,90554,25434343,46.54,3.97,200.5,1.81,1.54
shell1,107521770004,436315227,115170558826,52040312258,589912437,94590,26562472,46.54,3.97,200.28,1.81,1.54
shell1,112319010879,454554088,119991393050,54228867060,614716241,98532,27691805,46.54,3.97,200.1,1.81,1.54
shell1,117013582724,472819782,124644545550,56353269418,638777909,102442,28777067,46.54,3.97,199.96,1.81,1.54
shell1,121813019274,492979415,129478437379,58617254339,663421368,106399,29877302,46.54,3.97,199.84,1.81,1.54
shell1,126610120865,512247606,134317578056,60835035082,688321498,110345,30989481,46.53,3.97,199.68,1.81,1.54
shell1,131201963724,529875828,138982619941,62936627235,712356608,114205,32055726,46.53,3.97,199.57,1.81,1.54
shell1,134864855562,547227441,143514180659,64986809781,735775957,117979,33100949,46.53,3.97,199.56,1.81,1.54
shell1,138842597647,567361607,148295842572,67215329562,760377145,121909,34199394,46.53,3.97,199.46,1.81,1.54
shell1,143586103550,586256743,153111990844,69430345064,785212640,125852,35296287,46.54,3.97,199.36,1.81,1.54
shell1,148451733298,604968942,158102775075,71670511768,810865892,129958,36434765,46.53,3.97,199.24,1.81,1.54
shell1,152421796333,620958622,162217596404,73522506949,832085582,133304,37362763,46.53,3.97,199.15,1.81,1.54
shell1,157098217101,641084159,166999051867,75750502628,856705265,137218,38481764,46.53,3.97,199.04,1.81,1.54
shell1,161783748391,659900015,171776043567,77918521251,881370525,141120,39567512,46.53,3.97,198.94,1.81,1.54
shell1,166543798214,678015724,176569303446,80086500914,906092281,145004,40667930,46.53,3.97,198.84,1.81,1.55
shell1,171161686299,696317269,181425282863,82257846805,931040211,148952,41781128,46.53,3.97,198.79,1.81,1.55
shell1,175529541645,716017388,186212999213,84470389366,955684518,152882,42881315,46.53,3.97,198.72,1.81,1.55
shell1,180372960183,735842307,191107760899,86724262455,980921985,156885,43992464,46.53,3.97,198.62,1.81,1.55
shell1,184996760093,753390981,195836483371,88838229808,1005391538,160684,45083086,46.53,3.97,198.54,1.81,1.55
shell1,189747763933,771261331,200753337682,91032824120,1030651535,164738,46199888,46.53,3.97,198.47,1.81,1.55
shell1,194475563356,790475298,205560009888,93224405368,1055392632,168673,47284678,46.53,3.97,198.4,1.81,1.55
shell1,199234381883,808911767,210468843824,95438522871,1080695273,172668,48413964,46.53,3.97,198.33,1.81,1.55
shell1,203600552833,827126542,215236371765,97599109160,1105322858,176587,49498878,46.53,3.97,198.29,1.81,1.55
shell1,208200235834,845315838,220151836542,99795824002,1130578319,180615,50632680,46.53,3.97,198.22,1.81,1.55
shell1,212877453027,864770887,224918120259,101992190948,1155181004,184498,51726666,46.53,3.97,198.22,1.81,1.55
shell1,217355981567,883459631,229861222541,104221522733,1180527918,188585,52869295,46.53,3.97,198.19,1.81,1.55
shell1,222196848839,902437655,234900896222,106493624702,1206447792,192725,54014898,46.53,3.97,198.14,1.81,1.55
shell1,226809258433,919869421,239574659029,108600959124,1230601963,196507,55078444,46.53,3.97,198.12,1.81,1.55
shell1,231057359324,939801510,244292832791,110795846328,1254952521,200305,56192461,46.53,3.97,198.08,1.81,1.55
shell1,235816622885,958265237,249147911315,112981217082,1279981993,204290,57308875,46.53,3.97,198.05,1.81,1.55
shell1,239948045308,976232609,253967462246,115148520307,1304792742,208273,58412115,46.53,3.97,198.04,1.81,1.55
shell1,244443495923,994252935,258658374141,117273876039,1329102811,212117,59468403,46.53,3.97,198,1.81,1.55
shell1,249235045700,1014691811,263445007024,119517384511,1353800912,216024,60569827,46.53,3.97,197.96,1.81,1.55
shell1,253633711803,1033518913,268362365507,121736176829,1379112249,220067,61695648,46.53,3.97,197.94,1.81,1.55
shell1,258320347489,1051006310,272941176557,123804032177,1402755350,223809,62761771,46.53,3.97,197.91,1.81,1.55
shell1,262957486537,1069819392,277877442942,126024919745,1428185439,227878,63886086,46.53,3.97,197.88,1.81,1.55
shell1,267119186854,1089869605,282631583178,128236331486,1452698413,231779,64969866,46.53,3.97,197.86,1.81,1.55
shell1,271157763514,1108137809,287349468450,130393884683,1476992252,235738,66069003,46.53,3.97,197.85,1.81,1.55
shell1,275326063587,1126741794,292275092537,132614930712,1502385498,239740,67202552,46.53,3.97,197.84,1.81,1.55
shell1,279504422257,1144236608,297128158346,134783713992,1527502495,243689,68311315,46.53,3.97,197.85,1.81,1.55
shell1,282211513208,1164058230,301930654498,137000942709,1552220639,247583,69409601,46.53,3.97,197.85,1.81,1.55
shell1,284630546984,1183065378,306784280164,139213087507,1577209668,251552,70518670,46.53,3.97,197.84,1.81,1.55
shell1,288460932099,1201129852,311565008847,141373791615,1601766935,255433,71616350,46.53,3.97,197.86,1.81,1.55
shell1,292477990889,1218935225,316446117133,143550600715,1626931427,259433,72726182,46.53,3.97,197.86,1.81,1.55
shell1,296422430872,1238255710,321097552356,145715954844,1650975693,263237,73817571,46.53,3.97,197.85,1.81,1.55
shell1,298990311082,1257220903,325838449344,147885524711,1675408167,267074,74905837,46.53,3.97,197.84,1.81,1.55
shell1,303037651413,1275509446,330780290905,150104419374,1700840249,271152,76039080,46.53,3.97,197.93,1.81,1.55
shell1,305496379629,1294268046,335726087947,152329297118,1726282813,275202,77169992,46.53,3.97,197.93,1.81,1.55
shell1,307941668828,1313924077,340608436859,154588039362,1751469138,279171,78312686,46.53,3.97,197.93,1.81,1.55
shell1,311096829883,1332681473,345276506278,156730838573,1775593934,282971,79411440,46.53,3.97,197.96,1.81,1.55
shell1,315777084535,1351290605,350273933521,158982358465,1801277584,287063,80546631,46.53,3.97,198.09,1.81,1.55
shell1,319184344207,1369264391,355156145993,161157713977,1826435275,291067,81679146,46.53,3.97,198.11,1.81,1.55
shell1,322274156296,1388720722,359934764282,163366392236,1851160653,294978,82782089,46.53,3.97,198.11,1.81,1.55
shell1,325874395117,1408065601,364687927764,165550268237,1875608209,298886,83857747,46.53,3.97,198.21,1.81,1.55
shell1,328596008718,1426186312,369594506090,167753819152,1900981736,302894,84995656,46.53,3.97,198.24,1.81,1.55
shell1,331813310105,1443881766,374240716627,169870628372,1924910030,306736,86093219,46.53,3.97,198.28,1.81,1.55
shell1,334740593476,1463182155,379116520896,172099650167,1950000776,310761,87212658,46.53,3.97,198.31,1.81,1.55
shell1,337069311789,1482077462,383792565880,174242868929,1974145950,314566,88288598,46.53,3.97,198.31,1.81,1.55
shell1,339329966114,1499000336,388388648058,176303903114,1997868453,318327,89357818,46.53,3.97,198.31,1.81,1.55
shell1,341722519468,1516302543,393197125963,178440002628,2022351291,322284,90449998,46.53,3.97,198.31,1.81,1.55
shell1,344927512256,1535537972,397834677707,180586180801,2046117594,326049,91522121,46.53,3.97,198.34,1.81,1.55
shell1,348035979449,1553378431,402206218292,182596486312,2068398542,329694,92551622,46.53,3.97,198.38,1.81,1.55
shell1,350560474972,1571085257,406701029680,184656961362,2091503383,333452,93586926,46.53,3.97,198.4,1.81,1.55
shell1,353075862847,1591362795,411758830456,186985769592,2117461525,337657,94733069,46.53,3.97,198.4,1.81,1.55
shell1,355422455516,1611484342,416408614695,189185566256,2141440041,341454,95825808,46.53,3.97,198.39,1.81,1.55
shell1,357806916481,1630942968,421189581702,191387071237,2166100516,345385,96960006,46.53,3.97,198.39,1.81,1.55
shell1,360233141749,1649486706,426091992186,193611871303,2191302979,349423,98093198,46.53,3.97,198.39,1.81,1.55
shell1,362688811740,1667794316,430806580395,195758351068,2215595210,353236,99186983,46.53,3.97,198.39,1.81,1.55
shell1,365560493926,1687679527,435752454272,198029994576,2240775180,357329,100325437,46.53,3.97,198.4,1.81,1.55
shell1,368576865818,1707931582,440593637940,200289772674,2265679349,361337,101429573,46.53,3.97,198.43,1.81,1.55
shell1,370656281904,1723993370,444791193975,202204038983,2287256135,364760,102398098,46.53,3.97,198.43,1.81,1.55
shell1,372499039516,1738404305,448531867311,203877950928,2306478197,367862,103243383,46.53,3.97,198.43,1.81,1.55
shell8,16833716157,44210843,16056062893,7195962786,68802937,30478,3779541,46.88,3.98,232.8,1.81,1.49
shell8,34776915007,95083299,34119933350,15399663212,146647519,65600,8017968,46.88,3.98,232.77,1.81,1.49
shell8,52798762198,146450853,52925851353,23797192723,227300435,102230,12415645,46.88,3.98,232.39,1.81,1.49
shell8,70974198309,198182808,71640943315,32208987487,307506744,138411,16823614,46.88,3.98,232.66,1.81,1.49
shell8,89003862152,250088395,90712251991,40724869060,389180058,174629,21330187,46.88,3.98,232.49,1.81,1.49
shell8,107199242622,301816757,109524559999,49161286754,470016986,211637,25752889,46.88,3.98,232.43,1.81,1.49
shell8,124937784632,354246427,128085078245,57513195818,549462771,247350,30125579,46.88,3.98,232.45,1.81,1.49
shell8,143140031341,405444297,147019652863,65930876179,630588360,284120,34575924,46.88,3.98,232.48,1.81,1.49
shell8,161233239078,456828696,165769079377,74280590621,711174698,320001,38973873,46.88,3.98,232.48,1.81,1.49
shell8,179380838575,508886691,184584813657,82737340457,791719741,356213,43402388,46.88,3.98,232.46,1.81,1.49
shell8,197452685175,560540745,203274552298,91132259905,871846648,392562,47850483,46.88,3.98,232.46,1.81,1.49
shell8,215812655440,612346574,222708699776,99735021688,954897175,429022,52463829,46.88,3.98,232.43,1.81,1.49
shell8,234273663013,664947024,241655273823,108219792801,1036040113,465664,56911928,46.88,3.98,232.51,1.81,1.49
shell8,252569418347,717349161,260708692688,116733675977,1117686840,502489,61469747,46.88,3.98,232.55,1.81,1.49
shell8,270836982508,769435472,279699783325,125192491575,1199072859,539685,65926153,46.88,3.98,232.49,1.81,1.49
shell8,289088941256,821616509,299223713675,133837219567,1282728402,577516,70553925,46.88,3.98,232.5,1.81,1.49
shell8,307412863544,873694879,318350256635,142380066937,1364735066,614545,75088450,46.88,3.98,232.51,1.81,1.49
shell8,325820601721,926238546,337417125403,150910979263,1446345029,651325,79619869,46.88,3.98,232.51,1.81,1.49
shell8,344151373564,978536485,356545057793,159444636822,1528135392,688274,84155435,46.88,3.98,232.52,1.81,1.49
shell8,362336161894,1030392800,375006694202,167740010034,1607453582,724155,88520405,46.88,3.98,232.57,1.81,1.49
shell8,380795505460,1082825846,394164667597,176296135422,1689490469,760772,93080236,46.88,3.98,232.57,1.81,1.49
shell8,399290362267,1135419701,413183360362,184800124729,1771103553,797973,97583422,46.88,3.98,232.56,1.81,1.49
shell8,417556942741,1187338855,432255992888,193294736693,1852999849,834850,102064615,46.88,3.98,232.59,1.81,1.49
shell8,435820960533,1240109268,451351278103,201833381535,1934666023,872173,106545844,46.88,3.98,232.59,1.81,1.49
shell8,454132562015,1291838397,470194197834,210263870346,2015484848,908038,111044027,46.88,3.98,232.6,1.81,1.49
shell8,472438360543,1344119141,489342270638,218808142364,2097687259,945015,115606889,46.88,3.98,232.61,1.81,1.49
shell8,490818723081,1396068051,508535377207,227326444073,2179650330,982159,120112013,46.88,3.98,232.64,1.81,1.49
shell8,509042700540,1448145290,527298440349,235736746939,2260223579,1018013,124587559,46.88,3.98,232.62,1.81,1.49
shell8,527224150511,1500587257,546080008349,244146230864,2340809572,1053866,129002349,46.88,3.98,232.64,1.81,1.49
shell8,545626277413,1552851837,565146048392,252689524980,2422743728,1090837,133554367,46.88,3.98,232.63,1.81,1.49
shell8,563987881567,1604766467,584360250294,261215507523,2505114046,1128148,138116731,46.88,3.98,232.61,1.81,1.49
shell8,581983485478,1656585483,602957211127,269565940424,2585159271,1163901,142495330,46.88,3.98,232.59,1.81,1.49
shell8,600144615910,1708518204,621821151663,277968880096,2666139773,1200344,146939596,46.88,3.98,232.57,1.81,1.49
shell8,618348729626,1760643885,640848866379,286465844429,2748054563,1237796,151441932,46.88,3.98,232.54,1.81,1.49
shell8,636772782151,1813351897,660104763740,295042956891,2830636298,1275660,156020652,46.88,3.98,232.56,1.81,1.49
shell8,655001876236,1866123338,678965733706,303506289501,2911562976,1312671,160460343,46.88,3.98,232.57,1.81,1.49
shell8,673403092286,1918203132,698217444366,312059999724,2994064613,1349293,164967253,46.88,3.98,232.58,1.81,1.49
shell8,691719154931,1971476349,717252844106,320575913558,3075614706,1386877,169467757,46.88,3.98,232.59,1.81,1.49
shell8,709901388130,2023300845,736446206768,329110940267,3157881167,1423472,173983195,46.88,3.98,232.56,1.81,1.49
shell8,728058459146,2074767846,755461299726,337551309655,3239235719,1459599,178476364,46.88,3.98,232.56,1.81,1.49
shell8,746426289849,2126343705,774558040657,346046796090,3320969976,1496224,182943883,46.88,3.98,232.57,1.81,1.49
shell8,764657907010,2178676806,793361911279,354482968744,3401589854,1532110,187382224,46.88,3.98,232.58,1.81,1.49
shell8,782922024955,2230664351,812424575853,362965662552,3483200245,1568203,191879673,46.88,3.98,232.57,1.81,1.49
shell8,801355924559,2283298129,831403993413,371467999252,3564565076,1605030,196324389,46.88,3.98,232.58,1.81,1.49
shell8,819591275974,2335251435,850495698755,379944021818,3646223470,1641971,200823284,46.88,3.98,232.58,1.81,1.49
shell8,837618539577,2387059615,869218767100,388333628778,3726623129,1678158,205252455,46.88,3.98,232.57,1.81,1.49
shell8,856026375971,2440503538,888432079736,396935401636,3809119229,1716041,209814310,46.88,3.98,232.57,1.81,1.49
shell8,874236755176,2491895589,907322116878,405334845763,3890099151,1752247,214215455,46.88,3.98,232.57,1.81,1.49
shell8,892425830398,2543290585,926253181673,413756086124,3971390803,1788538,218682526,46.88,3.98,232.58,1.81,1.49
shell8,910700057881,2595972620,945385352043,422321175785,4053375657,1825384,223192520,46.88,3.98,232.58,1.81,1.49
shell8,928675134725,2646293501,963896599452,430553678722,4133085852,1860599,227541954,46.88,3.98,232.59,1.81,1.49
shell8,946850016307,2698477782,983027941928,439086702540,4215117522,1897455,232044540,46.88,3.98,232.58,1.81,1.49
shell8,965206183693,2751107724,1002385767907,447704170379,4298266630,1934992,236679860,46.88,3.98,232.57,1.81,1.49
shell8,983501221157,2802588664,1021591346067,456211085207,4380405577,1972056,241177543,46.88,3.98,232.57,1.81,1.49
shell8,1001725882186,2854153053,1040759535972,464741814769,4462718877,2009474,245726612,46.88,3.98,232.56,1.81,1.49
shell8,1019815961384,2906650977,1059696150103,473220563692,4543686221,2045809,250222253,46.88,3.98,232.56,1.81,1.49
shell8,1038134498655,2959378307,1078743899680,481748122054,4625258763,2083095,254681465,46.88,3.98,232.55,1.81,1.49
shell8,1056410292379,3011797382,1097841673753,490274530985,4707119710,2119345,259265137,46.88,3.98,232.56,1.81,1.49
shell8,1074666339640,3064321240,1117209719766,498871848500,4789897129,2157722,263832937,46.88,3.98,232.55,1.81,1.49
shell8,1093034351015,3116974539,1136340761587,507422551000,4871676264,2193661,268375748,46.88,3.98,232.55,1.81,1.49
shell8,1111197746342,3170286063,1155249846636,515907791162,4952605677,2229954,272868412,46.88,3.98,232.55,1.81,1.49
shell8,1129538358548,3222632809,1174290185472,524423488154,5034348209,2267389,277386368,46.88,3.98,232.54,1.81,1.49
shell8,1147754378176,3275023595,1193293124779,532904045021,5115816350,2303678,281871809,46.88,3.98,232.55,1.81,1.49
shell8,1165997622000,3326731956,1212439299275,541422074465,5197908304,2340989,286330234,46.88,3.98,232.55,1.81,1.49
shell8,1184141122016,3378787078,1231285149865,549846467508,5278858496,2377155,290862389,46.88,3.98,232.55,1.81,1.49
shell8,1202080112806,3431543937,1250135005442,558282256855,5359835447,2414000,295313001,46.88,3.98,232.54,1.81,1.49
shell8,1220319579006,3484287785,1269250218060,566841487683,5441792230,2451472,299864925,46.88,3.98,232.54,1.81,1.49
shell8,1238604058874,3536694262,1288359931424,575382147265,5523715547,2488129,304396531,46.88,3.98,232.53,1.81,1.49
shell8,1256679960663,3589408670,1307149246728,583841602043,5604642148,2525410,308860322,46.88,3.98,232.53,1.81,1.49
shell8,1274851110772,3641854143,1326130984644,592321783780,5686026321,2562272,313318579,46.88,3.98,232.54,1.81,1.49
shell8,1293178503886,3694061375,1345174827932,600819502821,5767655999,2599728,317783935,46.88,3.98,232.54,1.81,1.49
shell8,1311412790314,3746382134,1363996002743,609253318312,5848544038,2636042,322200449,46.88,3.98,232.55,1.81,1.49
shell8,1329768015819,3799224996,1383095205068,617806125096,5930435665,2672333,326705599,46.88,3.98,232.55,1.81,1.49
shell8,1347860421044,3851206177,1401846835484,626194742486,6011100504,2709029,331180860,46.88,3.98,232.55,1.81,1.49
shell8,1365936590049,3902573326,1420910855079,634643320155,6092800434,2744885,335758614,46.88,3.98,232.54,1.81,1.49
shell8,1384136910638,3954897603,1439887744662,643122113438,6174036334,2781687,340245031,46.88,3.98,232.54,1.81,1.49
shell8,1402496741556,4007590595,1458949849485,651655923924,6255844718,2818165,344711916,46.88,3.98,232.55,1.81,1.49
shell8,1420702726998,4060474827,1478124028653,660220877472,6337968665,2855059,349229518,46.88,3.98,232.54,1.81,1.49
shell8,1438941320767,4113589550,1497058526758,668721723436,6419185737,2891429,353693033,46.88,3.98,232.55,1.81,1.49
shell8,1457014049098,4165715004,1515818810254,677111650253,6499766938,2927974,358128640,46.88,3.98,232.56,1.81,1.49
shell8,1475172987727,4218084024,1534791795150,685607620094,6581348878,2965028,362583694,46.88,3.98,232.56,1.81,1.49
shell8,1493616617933,4270651601,1554125868144,694211243127,6664198750,3003121,367149436,46.88,3.98,232.56,1.81,1.49
shell8,1511968934411,4322551671,1573073259882,702630151528,6745701836,3040197,371596810,46.88,3.98,232.58,1.81,1.49
shell8,1530130118139,4374788669,1592111445695,711131892377,6827351131,3076765,376089608,46.88,3.98,232.58,1.81,1.49
shell8,1548471954503,4427322285,1611369106778,719704051131,6909926926,3114561,380651148,46.88,3.98,232.58,1.81,1.49
shell8,1566626224004,4480145931,1630269841166,728170826535,6991021627,3151103,385104046,46.88,3.98,232.58,1.81,1.49
shell8,1584851551632,4532564458,1649263293667,736639918206,7072520061,3187287,389607463,46.88,3.98,232.58,1.81,1.49
shell8,1603237254700,4584667516,1668325198497,745134295518,7154325868,3223819,394092641,46.88,3.98,232.58,1.81,1.49
shell8,1621547553113,4637125001,1687455466430,753666873204,7236331589,3260282,398630074,46.88,3.98,232.58,1.81,1.49
shell8,1639742206228,4689831860,1706539045003,762196335614,7318554036,3298061,403199910,46.88,3.98,232.58,1.81,1.49
shell8,1657923210252,4742453347,1725346567813,770639312130,7399477061,3334355,407599839,46.88,3.98,232.59,1.81,1.49
shell8,1676118609468,4795707996,1744176501502,779120310247,7480569543,3370956,412043379,46.88,3.98,232.59,1.81,1.49
shell8,1694378892898,4847919941,1763121959540,787583517238,7561745113,3407444,416542308,46.88,3.98,232.6,1.81,1.49
shell8,1712655539443,4899837549,1782388895908,796139006560,7644486140,3444821,421033468,46.88,3.98,232.6,1.81,1.49
shell8,1730792667516,4952251903,1801435375620,804631159499,7726068333,3481650,425574543,46.88,3.98,232.6,1.81,1.49
shell8,1749108182185,5004521726,1820442927489,813114329891,7807772146,3518696,430024944,46.88,3.98,232.62,1.81,1.49
shell8,1767331984863,5056152593,1839523778010,821583053178,7889720447,3555891,434556872,46.88,3.98,232.61,1.81,1.49
shell8,1785665474790,5108478392,1858653074700,830116921193,7971751569,3592504,439068867,46.88,3.98,232.61,1.81,1.49
shell8,1803812903199,5160783716,1877537746324,838593189208,8052940996,3630339,443532069,46.88,3.98,232.61,1.81,1.49
shell8,1819961635603,5208563567,1894207446362,846098824647,8124604999,3662452,447522937,46.88,3.98,232.6,1.81,1.49
shell16,16932675312,56609343,15708251575,7439009573,66147267,28305,3677333,46.96,3.98,237.85,1.81,1.55
shell16,33778414184,113339542,31231721443,14894236735,131753972,57720,7349563,46.96,3.98,237.6,1.81,1.54
shell16,50573312742,168768762,46461694918,22160286523,195967869,86607,10985095,46.96,3.98,237.8,1.81,1.54
shell16,67384739878,224907647,62020031576,29530126482,261523131,115422,14670191,46.95,3.98,237.57,1.81,1.54
shell16,84202356808,280090215,77157094742,36764210663,325577531,144106,18236971,46.96,3.98,237.75,1.81,1.54
shell16,101107314997,334827113,92467326611,44015127971,390145333,171936,21820102,46.96,3.98,237.88,1.81,1.54
shell16,118063251390,391498098,108188942273,51435385225,456489692,201601,25553450,46.95,3.98,237.86,1.81,1.54
shell16,135045988228,447608023,123894484332,58850782561,522657727,230709,29278890,46.95,3.98,237.92,1.81,1.54
shell16,151906876941,503262724,139271366523,66196681250,587497038,259217,32905604,46.95,3.98,238.01,1.81,1.54
shell16,168857632720,559801193,154979513373,73627975089,653769842,289375,36630224,46.95,3.98,238.02,1.81,1.54
shell16,185923976011,616787210,170539559491,81080622058,719363416,318994,40333472,46.96,3.98,238.04,1.81,1.54
shell16,202705963171,673073750,185845766258,88448600586,784000626,348480,43920874,46.95,3.98,237.98,1.81,1.54
shell16,219765536207,729231114,201178145296,95869430333,848591566,377669,47569146,46.95,3.98,238.01,1.81,1.54
shell16,236660422416,786287232,216533047997,103215113446,913380546,405460,51168338,46.95,3.98,237.99,1.81,1.54
shell16,253831267962,844166501,232526167528,110764859814,980541070,435345,54906017,46.95,3.98,237.93,1.81,1.54
shell16,270744515706,899845517,247830780725,117984446706,1045132345,463323,58529110,46.95,3.98,237.93,1.81,1.54
shell16,287789741799,958739837,263489933749,125509341306,1111136462,492743,62223738,46.95,3.98,237.92,1.81,1.54
shell16,304874479307,1016252811,279223528083,133050015509,1177877654,522438,65966119,46.95,3.98,237.89,1.81,1.54
shell16,322031905515,1073668600,295118031672,140558081039,1244564178,552764,69768726,46.95,3.98,237.85,1.81,1.54
shell16,338968870986,1129389819,310690594861,147908413372,1310257111,581154,73406615,46.95,3.98,237.89,1.81,1.54
shell16,356029754345,1185532203,326214747057,155266232126,1375938781,609811,77054130,46.95,3.98,237.88,1.81,1.54
shell16,373016689492,1241514316,341907579176,162684652380,1442028474,639382,80733001,46.95,3.98,237.88,1.81,1.54
shell16,390109347857,1297642314,357594639923,170056598716,1508032317,668577,84465512,46.95,3.98,237.88,1.81,1.54
shell16,407244199670,1355332019,373368569394,177577901335,1574550815,698630,88209145,46.95,3.98,237.88,1.81,1.53
shell16,424229329207,1412110589,388863733003,184935211499,1639991548,728341,91904477,46.95,3.98,237.89,1.81,1.53
shell16,441243848349,1468150846,404264460865,192252925351,1704992985,757566,95548565,46.95,3.98,237.9,1.81,1.53
shell16,458218900638,1524119440,419838327804,199659116251,1770614418,786630,99225023,46.95,3.98,237.89,1.81,1.53
shell16,475050747734,1579866586,435066920603,206930293203,1834563199,813952,102746035,46.95,3.98,237.88,1.81,1.53
shell16,492134194182,1635763749,450759239281,214332389864,1900814304,843480,106437194,46.95,3.98,237.88,1.81,1.53
shell16,509047334098,1692427764,466294757873,221719693679,1966309792,872980,110130413,46.95,3.98,237.87,1.81,1.53
shell16,526196287231,1749403236,481918314802,229173158007,2032170486,903042,113818373,46.95,3.98,237.88,1.81,1.53
shell16,543290194364,1805987128,497425655721,236579210263,2097795141,933053,117544404,46.95,3.98,237.9,1.81,1.53
shell16,560198191806,1861915020,512780300553,243901709344,2162807908,961297,121166715,46.95,3.98,237.87,1.81,1.53
shell16,577048469590,1917822609,528146495223,251173093360,2227671607,991323,124844716,46.95,3.98,237.85,1.81,1.53
shell16,593911788289,1973164500,543430167293,258493582463,2292168254,1019468,128479367,46.95,3.98,237.86,1.81,1.53
shell16,611012637922,2030185986,559087594161,265911979621,2358117114,1049098,132183362,46.95,3.98,237.88,1.81,1.53
shell16,627900016089,2085796466,574357906362,273180113156,2422488488,1076746,135761683,46.95,3.98,237.88,1.81,1.53
shell16,644758964436,2141172213,589651314059,280491179475,2487217577,1104795,139392279,46.95,3.98,237.87,1.81,1.53
shell16,661929442999,2197801699,605410538494,287911026861,2553649587,1134636,143109097,46.95,3.98,237.87,1.81,1.53
shell16,678923199424,2254827010,621068156876,295344991908,2619796797,1164357,146820016,46.95,3.98,237.87,1.81,1.53
shell16,696006785483,2311460650,636621008302,302770570385,2685298681,1193327,150510215,46.95,3.98,237.88,1.81,1.53
shell16,713228872092,2368715761,652460788994,310278588498,2752162304,1222233,154263267,46.95,3.98,237.87,1.81,1.53
shell16,730236556120,2425831982,667920077149,317606750612,2817473603,1251593,157990623,46.95,3.98,237.88,1.81,1.53
shell16,747194122590,2482525096,683514039404,325041736875,2882908537,1280619,161662826,46.95,3.98,237.86,1.81,1.53
shell16,764296189796,2539626015,699199337320,332481391536,2949243767,1310689,165391254,46.95,3.98,237.86,1.81,1.53
shell16,781082506590,2595528719,714673182465,339835742605,3014678745,1340099,169081613,46.95,3.98,237.84,1.81,1.53
shell16,798085451609,2652123831,730286165557,347193755194,3080520871,1368850,172792820,46.95,3.98,237.84,1.81,1.53
shell16,814972245263,2707913695,745667567420,354444492111,3145537370,1397973,176435776,46.95,3.98,237.85,1.81,1.53
shell16,831921483380,2763628872,761100529578,361778193262,3210715199,1427019,180103402,46.95,3.98,237.84,1.81,1.53
shell16,848998722415,2820533253,776928949008,369230362028,3277572644,1458016,183892273,46.95,3.98,237.84,1.81,1.53
shell16,866065529279,2877107127,792646151976,376635968565,3343946158,1487512,187630594,46.95,3.98,237.86,1.81,1.53
shell16,883079435380,2934128736,808310665906,384083279691,3410054520,1517339,191330527,46.95,3.98,237.85,1.81,1.53
shell16,900085973404,2991003212,823899486793,391456234020,3475623644,1546475,195020494,46.95,3.98,237.86,1.81,1.53
shell16,917094659903,3047543565,839443683908,398827965466,3541586605,1576270,198716960,46.95,3.98,237.86,1.81,1.53
shell16,934217678344,3104880498,855082762662,406250098572,3607499116,1606072,202478153,46.95,3.98,237.87,1.81,1.53
shell16,951142876175,3161279429,870524274724,413561082264,3672902677,1634689,206140900,46.95,3.98,237.86,1.81,1.53
shell16,968161073010,3217601841,886268463355,420957218744,3739655976,1664863,209903141,46.95,3.98,237.85,1.81,1.53
shell16,985130652712,3274299103,901711877283,428294722060,3804864585,1694740,213569125,46.95,3.98,237.85,1.81,1.53
shell16,1002233041827,3331464161,917578039169,435786668020,3871714077,1723956,217340702,46.95,3.98,237.85,1.81,1.53
shell16,1019245398459,3388673781,933100550541,443209765590,3937165231,1753362,221013384,46.95,3.98,237.85,1.81,1.53
shell16,1036328705822,3445869032,948875519453,450670601453,4003591696,1782485,224795140,46.95,3.98,237.85,1.81,1.53
shell16,1053330378655,3503134677,964499821788,458061580990,4069449869,1810847,228460039,46.95,3.98,237.84,1.81,1.53
shell16,1070394650071,3560130612,980045649247,465489665571,4135031165,1840270,232106673,46.95,3.98,237.84,1.81,1.53
shell16,1087393120006,3617440490,995679084852,472929131186,4201173867,1869470,235757579,46.95,3.98,237.85,1.81,1.53
shell16,1104549245071,3675269265,1011630056984,480435369204,4268290728,1900186,239527425,46.95,3.98,237.85,1.81,1.53
shell16,1121487548538,3732059984,1027170892769,487844279783,4333925682,1928861,243231890,46.95,3.98,237.85,1.81,1.53
shell16,1138448275513,3789718039,1042879641571,495254760759,4400038389,1958056,246914389,46.95,3.98,237.85,1.81,1.53
shell16,1155269663854,3846222251,1058311638860,502572550553,4465142976,1986863,250548361,46.95,3.98,237.84,1.81,1.53
shell16,1172296471072,3903924964,1073998753553,509976836199,4531394442,2017307,254242343,46.95,3.98,237.84,1.81,1.53
shell16,1189304149934,3960118914,1089847544223,517384089452,4598029601,2046990,257960731,46.95,3.98,237.85,1.81,1.53
shell16,1205848398766,4016166208,1104606895708,524552981079,4660478455,2074410,261512567,46.95,3.98,237.83,1.81,1.53
shell16,1222907861061,4071430866,1120271318809,531869723395,4726682164,2102568,265213660,46.95,3.98,237.83,1.81,1.53
shell16,1239878863507,4127027089,1135860801940,539184427997,4792503648,2130774,268860369,46.95,3.98,237.81,1.81,1.53
shell16,1256796433420,4183929713,1151259682011,546508923006,4857507911,2159321,272517252,46.95,3.98,237.82,1.81,1.53
shell16,1273745707878,4240702534,1166784158056,553883193028,4923191950,2187468,276185658,46.95,3.98,237.81,1.81,1.53
shell16,1290950962307,4298214028,1182482772038,561282929117,4989264932,2216406,279880828,46.95,3.98,237.81,1.81,1.53
shell16,1308082292817,4356247962,1198219534771,568791931285,5055616825,2245786,283636190,46.95,3.98,237.81,1.81,1.53
shell16,1325095736851,4413235905,1213681226867,576199038285,5121158678,2275146,287301175,46.94,3.98,237.8,1.81,1.53
shell16,1342095920807,4469646466,1228996787062,583511368841,5185727010,2304042,290924014,46.94,3.98,237.8,1.81,1.53
shell16,1359234009342,4527156826,1244660720281,590947513343,5251767301,2333409,294667794,46.94,3.98,237.81,1.81,1.53
shell16,1376225680795,4582826270,1260128735546,598280081254,5317184161,2363153,298360132,46.94,3.98,237.8,1.81,1.53
shell16,1393210239134,4640563401,1275776002019,605731977027,5383280995,2393075,302109351,46.94,3.98,237.79,1.81,1.53
shell16,1410312146072,4697314379,1291563163690,613122155255,5449947911,2423688,305871288,46.94,3.98,237.79,1.81,1.53
shell16,1427364680938,4754106046,1307295757960,620504419034,5516439010,2453911,309600207,46.94,3.98,237.78,1.81,1.53
shell16,1444227030548,4810587833,1322568327938,627824288519,5580913688,2483545,313182610,46.94,3.98,237.78,1.81,1.53
shell16,1461153250268,4866591842,1338029015420,635159724450,5646294571,2513410,316839888,46.94,3.98,237.77,1.81,1.53
shell16,1478180180279,4923045567,1353702711360,642538245670,5712337553,2542833,320497753,46.94,3.98,237.76,1.81,1.53
shell16,1495032362811,4978650345,1369099426590,649829702733,5777501988,2571761,324138141,46.94,3.98,237.76,1.81,1.53
shell16,1512098154884,5035744206,1384768431698,657259458081,5843726641,2601266,327874846,46.94,3.98,237.75,1.81,1.53
shell16,1529163681509,5092458225,1400329028596,664627914797,5909457152,2630283,331566874,46.94,3.98,237.74,1.81,1.53
shell16,1546091981829,5149214191,1415789822773,671993450442,5974770863,2659792,335253273,46.94,3.98,237.73,1.81,1.53
shell16,1563108294385,5206642690,1431395373617,679385713529,6040830558,2689566,338947424,46.94,3.98,237.73,1.81,1.53
shell16,1580061097701,5261972253,1446758686440,686675496256,6105587751,2718060,342530852,46.94,3.98,237.73,1.81,1.53
shell16,1596912141395,5317950935,1462162571668,693959569277,6170767900,2746643,346205614,46.93,3.98,237.73,1.81,1.53
shell16,1613855600406,5373206581,1477514706167,701199726755,6235651405,2775816,349827937,46.93,3.98,237.73,1.81,1.53
shell16,1630662762470,5429156280,1492912284158,708476354349,6300742941,2804362,353460773,46.93,3.98,237.72,1.81,1.53
shell16,1647738502772,5486986538,1508719402113,715961452429,6367410599,2834116,357181811,46.93,3.98,237.71,1.81,1.53
shell16,1664684136198,5543810668,1524112848316,723311881116,6432537626,2863727,360870450,46.93,3.98,237.71,1.81,1.53
shell16,1681579019612,5600026995,1539387912353,730603307211,6497057442,2892317,364505957,46.93,3.98,237.71,1.81,1.53
shell16,1695796868097,5644180607,1551237370892,736268329893,6547273307,2915496,367350068,46.93,3.98,237.71,1.81,1.53
